id,text,category,rating
20091+4,利尔化学：利尔化学--新产能陆续投放业绩增长稳定2009-07-23 类别：公司研究 机构：太平洋证券 研究员：姚鑫,0,0
20092+4,宝钛股份：宝钛股份--企业扩大国内市场增收2009-07-27 类别：公司研究 机构：齐鲁证券 研究员：李莉,0,0
20093+4,燕京啤酒：高增长如何持续？2009-07-31 类别：公司研究 机构：宏源证券 研究员：苏静然,1,0
20094+4,华菱钢铁：华菱钢铁（000932） 三季报业绩低于预期2009-08-11 类别：公司研究 机构：国都证券 研究员：国都证券研究所,1,1
20095+4,焦作万方：业绩大幅增长值得期待2009-08-18 类别：公司研究 机构：大通证券 研究员：赵彦辉,1,1
20096+4,山东黄金：依然值得长期关注2009-08-18 类别：公司研究 机构：大通证券 研究员：赵彦辉,1,1
20097+4,冀东水泥：冀东水泥 盈利高速增长 估值偏低2009-09-20 类别：公司研究 机构：联合证券 研究员：周焕,1,1
20098+4,华微电子：华微电子2009-09-26 类别：公司研究 机构：江南证券 研究员：薄小明 李皓,1,1
20099+4,中国太保：中国太保 追求边际利润率 着力产品结构调整2009-09-28 类别：公司研究 机构：上海证券 研究员：郭敏,0,1
200910+4,中国联通：中国联通 联通红筹回购SK电讯所持股份 注销回购股份提升股东价值2009-09-28 类别：公司研究 机构：爱建证券 研究员：万阳松,0,1
200911+4,中金黄金：中金黄金2009-09-29 类别：公司研究 机构：东北证券 研究员：诸利达,1,0
200912+4,紫江企业：紫江企业 业绩预增 全年不止翻番2009-09-29 类别：公司研究 机构：第一创业 研究员：秦燕,0,1
200913+4,江淮汽车：江淮汽车 江淮 NC成立合资公司点评2009-09-29 类别：公司研究 机构：联合证券 研究员：姚宏光 黄未樵,1,0
200914+4,博瑞传播：博瑞传播 从传统媒体向新媒体进军2009-09-30 类别：公司研究 机构：东海证券 研究员：袁 琤,1,1
200915+4,九阳股份：九阳股份 以豆浆机为核心 产品线不断丰富2009-10-02 类别：公司研究 机构：东北证券 研究员：--,1,1
200916+4,时代新材：时代新材 高铁业务快速增长 风机叶片超出预期2009-10-09 类别：公司研究 机构：长江证券 研究员：李兴,1,1
200917+4,联化科技：联化科技 前 3 季度业绩预计超预期提高目标价至 38.00 元2009-10-09 类别：公司研究 机构：长江证券 研究员：李兴 冯先涛,1,1
200918+4,海油工程：海油工程2009-10-09 类别：公司研究 机构：中银国际 研究员：刘志成,0,1
200919+4,盾安环境：盾安环境（002011） 提前进入生产旺季 特种空调成未来发展重点2009-10-09 类别：公司研究 机构：天相投顾 研究员：高震,1,1
200920+4,苏州高新：苏州高新 业务收缩或加快 跨区域发展可期待2009-10-09 类别：公司研究 机构：广发证券 研究员：花长劲,0,1
200921+4,联化科技：联化科技 公司超预期增长 提高盈利预期2009-10-09 类别：公司研究 机构：国都证券 研究员：徐文峰,1,1
200922+4,科力远：科力远 开创了中国企业起诉国际巨头知识产权侵权并获胜的先例2009-10-10 类别：公司研究 机构：安信证券 研究员：刘军 谭志勇,1,1
200923+4,新和成：新和成 双轮驱动实现 VE同行停产 VA价格上涨2009-10-11 类别：公司研究 机构：国金证券 研究员：李敬雷 黄挺,0,1
200924+4,长安汽车：长安汽车 计提压低会计利润——业绩预增公告点评2009-10-12 类别：公司研究 机构：联合证券 研究员：姚宏光,1,1
200925+4,宝新能源：宝新能源 宝新能源三季报点评 装机增长提升盈利水平 2011 年迎来收获2009-10-12 类别：公司研究 机构：长江证券 研究员：虞亚新,0,1
200926+4,重庆百货：重庆百货动态报告-资产注入打造西南零售霸主2009-10-12 类别：公司研究 机构：中信建投 研究员：彭砚苹 陈乐华,1,1
200927+4,重庆百货：重庆百货 重组预案通过 新世纪或归囊下2009-10-12 类别：公司研究 机构：联合证券 研究员：吴红光 耿邦昊 李珊珊,1,1
200928+4,长安汽车：长安汽车 计提压低会计利润——业绩预增公告点评2009-10-12 类别：公司研究 机构：联合证券 研究员：姚宏光,1,1
200929+4,重庆百货：重庆百货 资产注入启动 公司业绩有望大幅增厚2009-10-12 类别：公司研究 机构：中原证券 研究员：高世梁 胡铸强,1,1
200930+4,青岛啤酒：青岛啤酒 经营管理共进力促业绩高增长2009-10-12 类别：公司研究 机构：银河证券 研究员：董俊峰,1,1
200931+4,重庆百货：重庆百货 资产注入打造西南零售霸主2009-10-12 类别：公司研究 机构：中信建投 研究员：彭砚苹 陈乐华,1,1
200932+4,重庆百货：重庆百货 重组预案如期而至 资产注入增厚业绩2009-10-12 类别：公司研究 机构：民生证券 研究员：史萍,1,1
200933+4,宝新能源：宝新能源（000690） 机组利用效率有所改善 盈利能力高位小幅回落2009-10-13 类别：公司研究 机构：天相投顾 研究员：--,0,1
200934+4,湖北宜化：湖北宜化 化工重申买入评级1009142009-10-13 类别：公司研究 机构：高华证券 研究员：赖平伦,1,1
200935+4,北斗星通：北斗星通（002151） 第三季度净利润降幅超过预期 下调盈利预测2009-10-13 类别：公司研究 机构：天相投顾 研究员：--,1,0
200936+4,华天科技：华天科技 华天科技（002185） 公司将进入高成长期 价值明显低估2009-10-13 类别：公司研究 机构：天相投顾 研究员：天相资讯科技组,1,1
200937+4,宁波银行：宁波银行 宁波银行非公开发行股票预案点评2009-10-13 类别：公司研究 机构：齐鲁证券 研究员：程娇翼,0,0
200938+4,宁波银行：宁波银行 非公开发行股票点评2009-10-13 类别：公司研究 机构：东海证券 研究员：李文,0,1
200939+4,湖北宜化：湖北宜化2009-10-13 类别：公司研究 机构：高华证券 研究员：赖平伦,1,1
200940+4,云南铜业：云南铜业 盈利能力逐季明显上升2009-10-13 类别：公司研究 机构：联合证券 研究员：叶 洮,0,1
200941+4,金风科技：金风科技 风机价格下调 影响较为有限2009-10-13 类别：公司研究 机构：世纪证券 研究员：陆勤 颜彪,1,1
200942+4,华兰生物：华兰生物2009-10-13 类别：公司研究 机构：国金证券 研究员：黄挺 李龙俊,1,1
200943+4,宁波银行：宁波银行 定向增发点评2009-10-13 类别：公司研究 机构：中原证券 研究员：南汉馨,0,1
200944+4,太阳纸业：太阳纸业（002078） 正在向林浆纸一体化快速迈进的造纸企业2009-10-13 类别：公司研究 机构：天相投顾 研究员：龚显胜,1,1
200945+4,太阳纸业：太阳纸业（002078） 正在向林浆纸一体化快速迈进的造纸企业2009-10-13 类别：公司研究 机构：天相投顾 研究员：龚显胜,1,1
200946+4,王府井：王府井 粮食最低收购价格提升的影响分析2009-10-13 类别：公司研究 机构：广发证券 研究员：欧亚菲,1,1
200947+4,合肥城建：合肥城建 住宅热销持续收购前景可期2009-10-13 类别：公司研究 机构：安信证券 研究员：--,1,1
200948+4,新华都：新华都 处于快速成长期的区域连锁超市2009-10-13 类别：公司研究 机构：中投证券 研究员：兰飞燕,1,1
200949+4,宁波银行：宁波银行 宁波银行非公开增发预案解析2009-10-13 类别：公司研究 机构：光大证券 研究员：沈维,0,1
200950+4,天邦股份：天邦股份 谷底已现 前途光明2009-10-13 类别：公司研究 机构：上海证券 研究员：郭昌盛,1,1
200951+4,华新水泥：华新水泥 区域产能消化仍需时间 耐心等待趋势反转2009-10-13 类别：公司研究 机构：凯基证券 研究员：王志霖 杨翰,0,1
200952+4,江铃汽车：江铃汽车 轻卡销量显著回升 单月销量重返万辆2009-10-13 类别：公司研究 机构：银河证券 研究员：李丹,1,1
200953+4,深圳机场：深圳机场 运输旺季客货运输红火2009-10-13 类别：公司研究 机构：金元证券 研究员：魏芳,0,1
200954+4,獐子岛：獐子岛 虾夷扇贝 鲍鱼的利润贡献超预期2009-10-13 类别：公司研究 机构：国金证券 研究员：谢刚,1,1
200955+4,宁波银行：宁波银行 定向增发将解决公司未来三年的核心资本需求2009-10-13 类别：公司研究 机构：国信证券 研究员：邱志承 黄飙,0,0
200956+4,西南证券：西南证券 上市和再融资背后期待的是效率2009-10-13 类别：公司研究 机构：国金证券 研究员：陈振志 李伟奇,0,0
200957+4,新大陆：新大陆（000997） 净利润同比增长97.88% 符合此前预期 未来发展值得期待2009-10-13 类别：公司研究 机构：天相投顾 研究员：--,0,0
200958+4,华兰生物：华兰生物 3继保预增2009-10-13 类别：公司研究 机构：国金证券 研究员：黄挺 李龙俊,1,1
200959+4,南宁糖业：南宁糖业 九月销糖数据出笼 产区库存告急2009-10-13 类别：公司研究 机构：国金证券 研究员：谢刚,1,1
200960+4,宝新能源：宝新能源 火电盈利恢复超预期2009-10-13 类别：公司研究 机构：中原证券 研究员：潘杭钧,0,1
200961+4,云南铜业：云南铜业 受益于铜价上涨 1-9 月份公司业绩扭亏为盈2009-10-13 类别：公司研究 机构：东北证券 研究员：诸利达,0,1
200962+4,紫江企业：紫江企业 三季度业绩大幅增长2009-10-13 类别：公司研究 机构：长城证券 研究员：寻春珍,0,1
200963+4,北斗星通：北斗星通 增收不增利态势扩大 下调业绩预期2009-10-14 类别：公司研究 机构：西南证券 研究员：苏晓芳,1,0
200964+4,茂化实华：茂化实华 随着炼油业绩好转而增长2009-10-14 类别：公司研究 机构：银河证券 研究员：李国洪,0,0
200965+4,郴电国际：郴电国际（600969） 高毛利项目再下一城2009-10-14 类别：公司研究 机构：天相投顾 研究员：--,1,1
200966+4,杭州解百：杭州解百 酒店改建影响公司业绩2009-10-14 类别：公司研究 机构：银河证券 研究员：陈雷,1,0
200967+4,深圳机场：深圳机场 九月吞吐量强劲2009-10-14 类别：公司研究 机构：凯基证券 研究员：王志霖,0,1
200968+4,宁波银行：宁波银行 定向增发方案优良 信贷增速更有保障2009-10-14 类别：公司研究 机构：长江证券 研究员：刘俊,0,1
200969+4,宁波银行：宁波银行 提前补充资本支撑资产扩张2009-10-14 类别：公司研究 机构：民族证券 研究员：张景,0,0
200970+4,华东医药：华东医药2009-10-14 类别：公司研究 机构：中银国际 研究员：张寅,1,1
200971+4,青松建化：青松建化2009-10-14 类别：公司研究 机构：中银国际 研究员：唐倩,1,1
200972+4,上海建工：上海建工 建筑+地产双轮驱动新模式诞生2009-10-14 类别：公司研究 机构：中原证券 研究员：吴剑雄,0,1
200973+4,苏宁环球：苏宁环球 竞争优势突出 价值低估2009-10-14 类别：公司研究 机构：国信证券 研究员：方焱 区瑞明,0,1
200974+4,潍柴动力：潍柴动力 景气恢复中的领先重卡动力总成供应商2009-10-14 类别：公司研究 机构：山西证券 研究员：--,1,1
200975+4,国电南瑞：国电南瑞 业绩低于预期 收购资产贡献较大2009-10-15 类别：公司研究 机构：世纪证券 研究员：陆勤 颜彪,1,1
200976+4,国电南瑞：国电南瑞 业绩符合预期 收购资产对利润增厚明显2009-10-15 类别：公司研究 机构：银河证券 研究员：沈文春,1,0
200977+4,泸州老窖：泸州老窖 四季度投资机会值得期待2009-10-15 类别：公司研究 机构：东莞证券 研究员：黄黎明,1,1
200978+4,泸州老窖：泸州老窖（000568）三季报点评2009-10-15 类别：公司研究 机构：万联证券 研究员：陈荣新,1,1
200979+4,泸州老窖：泸州老窖 季报显示复苏延后2009-10-15 类别：公司研究 机构：国元证券 研究员：蒙俊江,1,1
200980+4,国投电力：国投电力（600886） 整体发电量持续好转 但区别对待2009-10-15 类别：公司研究 机构：天相投顾 研究员：--,0,0
200981+4,国电南瑞：国电南瑞 业绩释放明显 智能电网拓展和资产整合预期给予市场更强信心2009-10-15 类别：公司研究 机构：中投证券 研究员：熊琳,1,1
200982+4,深圳能源：深圳能源（000027） 09 年前三季度净利润预计同比增长92%2009-10-15 类别：公司研究 机构：天相投顾 研究员：--,0,1
200983+4,东北证券：东北证券自营受累于股指下跌2009-10-15 类别：公司研究 机构：中信建投 研究员：魏涛,0,0
200984+4,北京银行：北京银行 风险偏好低 短期发展可期2009-10-15 类别：公司研究 机构：国信证券 研究员：邱志承 戴志锋,0,0
200985+4,中国石油：中国石油 受益国际油价上行 业绩越来越好2009-10-15 类别：公司研究 机构：银河证券 研究员：李国洪,0,1
200986+4,小商品城：小商品城（600415） 市场经营业务提升第三季度业绩2009-10-15 类别：公司研究 机构：天相投顾 研究员：--,1,1
200987+4,泸州老窖：泸州老窖 四季度投资机会值得期待2009-10-15 类别：公司研究 机构：东莞证券 研究员：黄黎明,1,1
200988+4,泸州老窖：泸州老窖（000568）三季报点评2009-10-15 类别：公司研究 机构：万联证券 研究员：陈荣新,1,1
200989+4,泸州老窖：泸州老窖 季报显示复苏延后2009-10-15 类别：公司研究 机构：国元证券 研究员：蒙俊江,1,1
200990+4,国电南瑞：国电南瑞 业绩释放明显 智能电网拓展和资产整合预期给予市场更强信心2009-10-15 类别：公司研究 机构：中投证券 研究员：熊琳,1,1
200991+4,东信和平：东信和平 东信和平（002017） 配股获证监会批文 对公司明年业绩产生积极影响2009-10-15 类别：公司研究 机构：天相投顾 研究员：--,1,1
200992+4,泸州老窖：泸州老窖（000568.SZ） 三季报略低于预期2009-10-16 类别：公司研究 机构：国都证券 研究员：王明德,1,1
200993+4,民生银行：民生银行（600016)资本瓶颈即将解决 发展重获支持2009-10-16 类别：公司研究 机构：国都证券 研究员：邓婷,0,1
200994+4,韶钢松山：韶钢松山 顺利扭亏 业绩恢复尚属满意2009-10-16 类别：公司研究 机构：东莞证券 研究员：刘卓平,0,0
200995+4,博汇纸业：博汇纸业 09 年三季报点评 估值优势显著2009-10-16 类别：公司研究 机构：国元证券 研究员：何鹏程 蒙俊江,0,1
200996+4,浙大网新：浙大网新2009-10-16 类别：公司研究 机构：江南证券 研究员：薄小明,1,0
200997+4,云维股份：云维股份 第三季度扭亏为盈 盈利恢复正常水平2009-10-16 类别：公司研究 机构：东莞证券 研究员：刘卓平、李隆海,0,0
200998+4,博汇纸业：博汇纸业（600966） 盈利能力持续改善 毛利率接近历史最高点2009-10-16 类别：公司研究 机构：国都证券 研究员：--,0,1
200999+4,恒星科技：恒星科技 行业回暖拉动企业增长 增发扩产力助公司腾飞2009-10-17 类别：公司研究 机构：东北证券 研究员：荀剑,1,1
2009100+4,丽珠集团：丽珠集团--三大领域快速增长 低估值带来投资价值2009-10-18 类别：公司研究 机构：日信证券 研究员：李伟志,1,1
2009101+4,信立泰：信立泰 全球第二大重磅炸弹药国内独家仿制者2009-10-18 类别：公司研究 机构：国金证券 研究员：李敬雷 黄挺,1,1
2009102+4,冠城大通：冠城大通 从一万七到两万七2009-10-18 类别：公司研究 机构：国金证券 研究员：曹旭特,0,1
2009103+4,上海医药：上海医药 新上药 新起点 新空间2009-10-19 类别：公司研究 机构：中投证券 研究员：周锐,1,1
2009104+4,奥特迅：奥特迅(002227) 业绩恢复仍需时日2009-10-19 类别：公司研究 机构：天相投顾 研究员：--,1,0
2009105+4,中国船舶：中国船舶（600150） 行业高峰过后 龙头优势不减2009-10-19 类别：公司研究 机构：天相投顾 研究员：王帆,0,1
2009106+4,滨海能源：滨海能源（000695） 净利润同比下降45.95%2009-10-19 类别：公司研究 机构：天相投顾 研究员：--,1,0
2009107+4,福建高速：福建高速 收入开始环比增长 但投资收益依然侵蚀着利润2009-10-19 类别：公司研究 机构：银河证券 研究员：张秋生,0,0
2009108+4,阳光城：阳光城(000671） 项目储备迅速增长 业绩有保证2009-10-19 类别：公司研究 机构：天相投顾 研究员：--,1,1
2009109+4,锡业股份：锡业股份--全球锡业龙头风云再起2009-10-20 类别：公司研究 机构：东莞证券 研究员：刘卓平,1,0
2009110+4,民生银行：民生银行（600016)净息收入强劲增长造就三季度业绩超预期2009-10-20 类别：公司研究 机构：国都证券 研究员：邓婷,0,1
2009111+4,风神股份：风神股份（600469） 特保影响小 业绩增速高2009-10-20 类别：公司研究 机构：日信证券 研究员：祖广平,0,1
2009112+4,神开股份：神开股份（002278） 看好公司未来成长性2009-10-20 类别：公司研究 机构：天相投顾 研究员：--,0,1
2009113+4,山推股份：山推股份 固定资产投资拉动作用显现 出口有反弹迹象2009-10-21 类别：公司研究 机构：中投证券 研究员：李勤,1,1
2009114+4,横店东磁：横店东磁--2009 年3 季报点评2009-10-21 类别：公司研究 机构：东北证券 研究员：潘喜峰,1,0
2009115+4,民生银行：民生银行 信贷增速是未来业绩增长的关键因素2009-10-21 类别：公司研究 机构：长江证券 研究员：刘俊,0,0
2009116+4,潞安环能：潞安环能 能源价格推动 产能稳定增长2009-10-21 类别：公司研究 机构：华融证券 研究员：王泽军,0,1
2009117+4,东北证券：东北证券 佣金率趋于稳定2009-10-21 类别：公司研究 机构：安信证券 研究员：杨建海,0,1
2009118+4,山推股份：山推股份 固定资产投资拉动作用显现 出口有反弹迹象2009-10-21 类别：公司研究 机构：中投证券 研究员：李勤,1,1
2009119+4,海螺型材：海螺型材 3 季度收入及毛利率延续良好水平2009-10-21 类别：公司研究 机构：中投证券 研究员：李凡 罗泽兵,0,1
2009120+4,潞安环能：潞安环能 能源价格推动 产能稳定增长2009-10-21 类别：公司研究 机构：华融证券 研究员：王泽军,0,1
2009121+4,横店东磁：横店东磁--2009 年3 季报点评2009-10-21 类别：公司研究 机构：东北证券 研究员：潘喜峰,1,0
2009122+4,民生银行：民生银行 信贷增速是未来业绩增长的关键因素2009-10-21 类别：公司研究 机构：长江证券 研究员：刘俊,0,0
2009123+4,神火股份：神火股份 3 季报低于预期 但4 季度有望大幅提升2009-10-21 类别：公司研究 机构：安信证券 研究员：衡昆 李大刚,1,1
2009124+4,恒宝股份：恒宝股份 三季报符合预期 公司基本面向好在逐渐加强中2009-10-21 类别：公司研究 机构：中投证券 研究员：赵军华,1,1
2009125+4,神火股份：神火股份 业绩将迅速回升 股价仍有40%上升空间2009-10-21 类别：公司研究 机构：银河证券 研究员：赵柯,1,1
2009126+4,江淮汽车：江淮汽车 江淮和悦隆重登场 期待四季度销量大增2009-10-21 类别：公司研究 机构：东北证券 研究员：刘立喜,1,1
2009127+4,黑牡丹：黑牡丹 公司完成09 年业绩承诺无忧2009-10-21 类别：公司研究 机构：中投证券 研究员：孔军,0,1
2009128+4,光迅科技：光讯科技 业绩符合预期 但估值已走在前面2009-10-21 类别：公司研究 机构：国信证券 研究员：严平 程锋,1,0
2009129+4,华能国际：华能国际 三季报点评2009-10-21 类别：公司研究 机构：东北证券 研究员：吴江涛,0,1
2009130+4,山西汾酒：山西汾酒 单季增幅回落不改增长趋势2009-10-21 类别：公司研究 机构：中信建投 研究员：郑绮,1,1
2009131+4,东北证券：东北证券2009-10-22 类别：公司研究 机构：江南证券 研究员：郭懿,0,1
2009132+4,中国联通：中国联通 月新增用户数环比继续回升2009-10-22 类别：公司研究 机构：国信证券 研究员：严平 程锋,0,1
2009133+4,广宇集团：广宇集团(002133） 轻装快跑 超额完成年初销售目标2009-10-22 类别：公司研究 机构：天相投顾 研究员：--,0,1
2009134+4,武汉凡谷：武汉凡谷 收入低速 毛利率和成本控制良好2009-10-22 类别：公司研究 机构：东莞证券 研究员：王珂英,0,1
2009135+4,宇顺电子：宇顺电子（002289） 把握行业复苏时机 募投项目2009 年底提前投产2009-10-22 类别：公司研究 机构：天相投顾 研究员：--,0,0
2009136+4,丽珠集团：丽珠集团 中药抗病毒的低估值品种2009-10-22 类别：公司研究 机构：东海证券 研究员：张飞、袁舰波,1,1
2009137+4,康缘药业：康缘药业2009-10-22 类别：公司研究 机构：中银国际 研究员：贺长明,1,1
2009138+4,康缘药业：康缘药业2009-10-22 类别：公司研究 机构：齐鲁证券 研究员：吕国启 许均华,1,0
2009139+4,苏泊尔：苏泊尔 四季度超预期增长可能性较大2009-10-22 类别：公司研究 机构：国信证券 研究员：王念春,1,0
2009140+4,苏泊尔：苏泊尔 三季报符合预期 验证优良的成长性2009-10-22 类别：公司研究 机构：国金证券 研究员：王晓莹,1,1
2009141+4,国脉科技：国脉科技（002093） 即将迎来新一轮成长期2009-10-22 类别：公司研究 机构：江南证券 研究员：薄小明 高俊芳,1,1
2009142+4,海螺型材：海螺型材 业绩增长符合预期2009-10-22 类别：公司研究 机构：金元证券 研究员：王昕,0,1
2009143+4,驰宏锌锗：驰宏锌锗（600497） 依托资源 盈利进入快车道2009-10-22 类别：公司研究 机构：天相投顾 研究员：--,0,1
2009144+4,广宇集团：广宇集团 新开工为后年储备业绩—广宇集团三季度报点评2009-10-22 类别：公司研究 机构：长江证券 研究员：苏雪晶,0,1
2009145+4,星期六：星期六--致力营销网络建设的知名女鞋品牌2009-10-22 类别：公司研究 机构：齐鲁证券 研究员：徐晓艳,0,0
2009146+4,上实发展：上实发展 地产业务步入正轨—上实发展三季度报点评2009-10-22 类别：公司研究 机构：长江证券 研究员：苏雪晶,0,0
2009147+4,海螺型材：海螺型材 海螺型材（000619） PVC低成本优势下 2009年第三季度净利润同比增921%2009-10-22 类别：公司研究 机构：天相投顾 研究员：--,0,1
2009148+4,江西铜业：江西铜业 三季度业绩略低于预期2009-10-22 类别：公司研究 机构：银河证券 研究员：周卓玮,0,1
2009149+4,东方锆业：东方锆业（002167） 有望从三季度开始迈入高增长周期2009-10-22 类别：公司研究 机构：天相投顾 研究员：--,1,1
2009150+4,苏泊尔：苏泊尔 更快成长还需等待2009-10-22 类别：公司研究 机构：联合证券 研究员：陈伟彦,1,0
2009151+4,康缘药业：康缘药业 3 季度业绩环比大幅增长 未来受益基本药物目录扩展板2009-10-22 类别：公司研究 机构：中投证券 研究员：周锐,1,1
2009152+4,东北证券：东北证券2009-10-22 类别：公司研究 机构：江南证券 研究员：郭懿,0,1
2009153+4,海螺型材：海螺型材 海螺型材（000619） PVC低成本优势下 2009年第三季度净利润同比增921%2009-10-22 类别：公司研究 机构：天相投顾 研究员：--,0,1
2009154+4,星期六：星期六--致力营销网络建设的知名女鞋品牌2009-10-22 类别：公司研究 机构：齐鲁证券 研究员：徐晓艳,0,0
2009155+4,东北证券：东北证券 市场交易量提升带来主要依靠经纪业务收入类券商的繁荣时光2009-10-22 类别：公司研究 机构：东海证券 研究员：陶正傲,0,0
2009156+4,江西铜业：江西铜业 业绩符合预期2009-10-22 类别：公司研究 机构：东莞证券 研究员：刘卓平,0,1
2009157+4,恒源煤电：恒源煤电--打折的午餐2009-10-22 类别：公司研究 机构：太平洋证券 研究员：张学,1,1
2009158+4,武汉凡谷：武汉凡谷 收入低速 毛利率和成本控制良好2009-10-22 类别：公司研究 机构：东莞证券 研究员：王珂英,0,1
2009159+4,国脉科技：国脉科技（002093）三季报点评2009-10-22 类别：公司研究 机构：江南证券 研究员：薄小明 高俊芳,1,1
2009160+4,广宇集团：广宇集团(002133） 轻装快跑 超额完成年初销售目标2009-10-22 类别：公司研究 机构：天相投顾 研究员：--,0,1
2009161+4,金螳螂：金螳螂 行业龙头保持稳定高增长2009-10-22 类别：公司研究 机构：安信证券 研究员：王天睿 石磊,1,1
2009162+4,长江证券：长江证券（000783） 承销经纪表现出色2009-10-22 类别：公司研究 机构：国海证券 研究员：黄秋菡 桑俊,0,0
2009163+4,中国海诚：中国海诚（002116） 收入超预期增长预示下游复苏2009-10-22 类别：公司研究 机构：天相投顾 研究员：--,0,0
2009164+4,福晶科技：福晶科技 收入毛利率环比继续上升 复苏缓慢进行中2009-10-22 类别：公司研究 机构：国信证券 研究员：陈爱华,1,0
2009165+4,上实发展：上实发展 地产业务步入正轨—上实发展三季度报点评2009-10-22 类别：公司研究 机构：长江证券 研究员：苏雪晶,0,0
2009166+4,紫鑫药业：紫鑫药业(002118.SZ) 增长符合预期2009-10-22 类别：公司研究 机构：齐鲁证券 研究员：许均华 吕国启,1,1
2009167+4,苏泊尔：苏泊尔 三季报符合预期 验证优良的成长性2009-10-22 类别：公司研究 机构：国金证券 研究员：王晓莹,1,1
2009168+4,宇顺电子：宇顺电子（002289） 把握行业复苏时机 募投项目2009 年底提前投产2009-10-22 类别：公司研究 机构：天相投顾 研究员：--,0,0
2009169+4,武汉凡谷：武汉凡谷（002194） 3 季度毛利率大幅上升推动业绩超出预期2009-10-22 类别：公司研究 机构：天相投顾 研究员：--,0,1
2009170+4,国脉科技：国脉科技（002093） 即将迎来新一轮成长期2009-10-22 类别：公司研究 机构：江南证券 研究员：薄小明 高俊芳,1,1
2009171+4,海螺型材：海螺型材 业绩增长符合预期2009-10-22 类别：公司研究 机构：金元证券 研究员：王昕,0,1
2009172+4,金岭矿业：金岭矿业--期待铁矿石价格上涨2009-10-23 类别：公司研究 机构：西南证券 研究员：刘喆,0,0
2009173+4,广宇集团：广宇集团 业绩超出市场预期 给予推荐评级2009-10-23 类别：公司研究 机构：东莞证券 研究员：陈桂柳 黄凡,0,1
2009174+4,西部矿业：西部矿业--企业利润情况逐季转好2009-10-23 类别：公司研究 机构：齐鲁证券 研究员：李莉 于剑,1,0
2009175+4,三峡水利：三峡水利（600116） 3 季度业绩好于预期2009-10-23 类别：公司研究 机构：天相投顾 研究员：--,1,1
2009176+4,百利电气：百利电气(600468) 产品转向输配电 高低压电器成主导2009-10-23 类别：公司研究 机构：天相投顾 研究员：--,1,0
2009177+4,东华能源：东华能源（002221） 码头事故增加全年业绩的不确定性2009-10-23 类别：公司研究 机构：天相投顾 研究员：--,1,0
2009178+4,荣盛发展：荣盛发展--资金土地双丰收2009-10-23 类别：公司研究 机构：齐鲁证券 研究员：涂力磊,0,1
2009179+4,东睦股份：东睦股份(600114) 业绩延续亏损 今年扭亏无望2009-10-24 类别：公司研究 机构：天相投顾 研究员：--,1,0
2009180+4,六国化工：六国化工 成本控制良好推动业绩环比增长2009-10-24 类别：公司研究 机构：江南证券 研究员：卢全治,1,0
2009181+4,宏达新材：宏达新材 10月份中国制造业采购经理人指数点评2009-10-24 类别：公司研究 机构：江南证券 研究员：卢全治,1,1
2009182+4,广安爱众：广安爱众（600979） 典型的公用事业品种2009-10-24 类别：公司研究 机构：天相投顾 研究员：--,1,0
2009183+4,马应龙：马应龙（600993） 主营业务快速发展 投资收益锦上添花2009-10-24 类别：公司研究 机构：天相投顾 研究员：--,1,1
2009184+4,郑州煤电：郑州煤电（600121） 期待资产注入2009-10-24 类别：公司研究 机构：天相投顾 研究员：--,1,0
2009185+4,四川美丰：四川美丰（000731）季报点评2009-10-24 类别：公司研究 机构：江南证券 研究员：卢全治,0,1
2009186+4,中天科技：中天科技--毛利率大幅提升 支撑业绩持续高增长2009-10-24 类别：公司研究 机构：光大证券 研究员：周励谦,0,1
2009187+4,迪马股份：迪马股份（600565） 专用车制造平稳发展 房地产业务增长可期2009-10-24 类别：公司研究 机构：天相投顾 研究员：--,0,0
2009188+4,长江投资：长江投资（600119） 收入同比大幅下降 或将受益陆交中心建设2009-10-24 类别：公司研究 机构：天相投顾 研究员：李毅,0,0
2009189+4,交运股份：交运股份（600676） 受益物流回暖汽车旺销 营业收入大幅增长2009-10-24 类别：公司研究 机构：天相投顾 研究员：李毅,1,0
2009190+4,丽珠集团：公司研究-丽珠集团（000513） 公允价值变动大起大落 抗病毒颗粒领军公司产品2009-10-24 类别：公司研究 机构：天相投顾 研究员：--,1,1
2009191+4,建设银行：建设银行 资产质量进一步提升 中间业务加快发展2009-10-24 类别：公司研究 机构：平安证券 研究员：刘英华,0,1
2009192+4,七匹狼：七匹狼 销售好转 盈利状况良好2009-10-25 类别：公司研究 机构：第一创业 研究员：瞿佳,1,1
2009193+4,海陆重工：海陆重工(002255) IPO 项目雪中送炭 增发助力明年增长2009-10-25 类别：公司研究 机构：天相投顾 研究员：--,1,0
2009194+4,湖南投资：湖南投资（000548） 土地开发是未来利润增长的主要来源2009-10-25 类别：公司研究 机构：天相投顾 研究员：李毅,0,0
2009195+4,思源电气：思源电气 主营稳定增长 维持对公司价值的判断2009-10-25 类别：公司研究 机构：安信证券 研究员：黄守宏,0,1
2009196+4,瑞贝卡：瑞贝卡 出口恢复中 毛利与费用拉低业绩2009-10-25 类别：公司研究 机构：第一创业 研究员：瞿佳,1,0
2009197+4,湖南海利：湖南海利（600731） 销量增加难抵价格下降2009-10-25 类别：公司研究 机构：天相投顾 研究员：--,0,0
2009198+4,贵州茅台：贵州茅台 消费税调整影响渐显2009-10-25 类别：公司研究 机构：东莞证券 研究员：黄黎明,1,1
2009199+4,中联重科：中联重科--增长势头持续2009-10-25 类别：公司研究 机构：光大证券 研究员：邱世梁,1,1
2009200+4,南山铝业：南山铝业（600219） 3 季度净利润同比增长87.77%2009-10-26 类别：公司研究 机构：天相投顾 研究员：--,0,1
2009201+4,沃尔核材：沃尔核材（002130）走出低谷 走向风电新能源2009-10-26 类别：公司研究 机构：天相投顾 研究员：--,1,0
2009202+4,首钢股份：首钢股份（000959）投资收益占比较大 主营仍有提升空间2009-10-26 类别：公司研究 机构：天相投顾 研究员：--,0,0
2009203+4,航天长峰：航天长峰（600855）回暖初显 但尚无法扭转亏损局面2009-10-26 类别：公司研究 机构：天相投顾 研究员：刘丽,0,0
2009204+4,东华软件：东华软件 手续继续加速成长2009-10-26 类别：公司研究 机构：江南证券 研究员：：薄小明,1,1
2009205+4,广百股份：广百股份 第三季度业绩明显提升2009-10-26 类别：公司研究 机构：东莞证券 研究员：黄黎明 丁文进,0,0
2009206+4,建设银行：建设银行（601939） 期待四季度息差回升2009-10-26 类别：公司研究 机构：天相投顾 研究员：石磊,0,1
2009207+4,嘉凯城：嘉凯城（000918）重组为二线地产龙头 预售情况良好2009-10-26 类别：公司研究 机构：天相投顾 研究员：王逸峰,0,0
2009208+4,光大证券：光大证券（601788） 三季度自营业务规模有所增加2009-10-26 类别：公司研究 机构：天相投顾 研究员：--,0,1
2009209+4,金地集团：金地集团（600383）业绩高速成长 再创新高2009-10-26 类别：公司研究 机构：天相投顾 研究员：--,0,1
2009210+4,合肥城建：合肥城建(002208） 定向增发有效弥补项目不足之劣势2009-10-26 类别：公司研究 机构：天相投顾 研究员：--,1,1
2009211+4,四川美丰：四川美丰（000731）子公司产销量增长带动收入增长2009-10-26 类别：公司研究 机构：天相投顾 研究员：--,0,0
2009212+4,胜利股份：胜利股份（000407） 卖地将成为主要利润来源2009-10-26 类别：公司研究 机构：天相投顾 研究员：--,0,1
2009213+4,第一医药：第一医药（600833） 业绩保持稳定增长2009-10-26 类别：公司研究 机构：天相投顾 研究员：--,1,0
2009214+4,光大证券：光大证券 业绩符合预期 经纪业务份额继续下滑2009-10-26 类别：公司研究 机构：中原证券 研究员：邓淑斌,0,1
2009215+4,西南证券：西南证券 三季度业绩基本符合预期2009-10-26 类别：公司研究 机构：国金证券 研究员：陈振志 李伟奇,0,0
2009216+4,光大证券：光大证券（601788）三季度自营业务规模有所增加2009-10-26 类别：公司研究 机构：天相投顾 研究员：天相宏观金融房地产组,0,1
2009217+4,汉钟精机：汉钟精机（002158）净利润同比增长10%2009-10-26 类别：公司研究 机构：天相投顾 研究员：--,1,0
2009218+4,金自天正：金自天正（600560）2009年前三季度净利润同比下降13%2009-10-26 类别：公司研究 机构：天相投顾 研究员：--,1,0
2009219+4,双汇发展：双汇发展2009-10-26 类别：公司研究 机构：东海证券 研究员：卢媛媛,1,1
2009220+4,宏达新材：宏达新材（002211） 四季度同比数据将向好2009-10-26 类别：公司研究 机构：天相投顾 研究员：--,1,0
2009221+4,燕京啤酒：燕京啤酒--旺季啤酒销量大增2009-10-26 类别：公司研究 机构：东莞证券 研究员：黄黎明,1,1
2009222+4,广百股份：广百股份2009-10-26 类别：公司研究 机构：江南证券 研究员：张绍坤,0,1
2009223+4,伟星股份：伟星股份 收入低于预期 毛利率稳步增长2009-10-26 类别：公司研究 机构：第一创业 研究员：瞿佳,1,1
2009224+4,瑞贝卡：瑞贝卡 四季度业绩值得期待2009-10-26 类别：公司研究 机构：中信建投 研究员：李静,1,1
2009225+4,光大证券：光大证券 未来净手续费率将回升业绩对自营依赖程度降低2009-10-26 类别：公司研究 机构：江南证券 研究员：郭懿,0,0
2009226+4,燕京啤酒：燕京啤酒--三季报业绩符合预期2009-10-26 类别：公司研究 机构：光大证券 研究员：蒋小东 李卓,1,1
2009227+4,中关村：中关村（000931） 期间费用率下降带来利润增长 涉及多项诉讼2009-10-26 类别：公司研究 机构：天相投顾 研究员：王逸峰,1,0
2009228+4,中国人寿：中国人寿2009-10-26 类别：公司研究 机构：宏源证券 研究员：黄立军 邢波,0,1
2009229+4,山东威达：山东威达(002026)业绩环比呈现好转 毛利率有所回升2009-10-26 类别：公司研究 机构：天相投顾 研究员：--,1,0
2009230+4,航天动力：航天动力（600343） 业绩处于缓慢回升阶段2009-10-26 类别：公司研究 机构：天相投顾 研究员：--,1,0
2009231+4,太阳纸业：太阳纸业--三季报略超预期 维持增持评级2009-10-26 类别：公司研究 机构：光大证券 研究员：程杲,1,1
2009232+4,三维通信：三维通信 受益时点来临 坏账准备计提提高2009-10-26 类别：公司研究 机构：东莞证券 研究员：王珂英,1,1
2009233+4,鲁银投资：鲁银投资（600784）多元化投资面临财务风险2009-10-26 类别：公司研究 机构：天相投顾 研究员：--,1,0
2009234+4,羚锐制药：羚锐制药（600285）芬太尼项目短期难以贡献利润2009-10-26 类别：公司研究 机构：天相投顾 研究员：--,1,0
2009235+4,华银电力：华银电力（600744） 盈利能力虽有改善 但仍较差2009-10-26 类别：公司研究 机构：天相投顾 研究员：--,0,0
2009236+4,光大证券：光大证券 盈利增长主要来自于经纪和自营的贡献2009-10-26 类别：公司研究 机构：中投证券 研究员：陈剑涛,0,0
2009237+4,宝光股份：宝光股份（600379） 走出微利尚需时日 寄望西电集团整合2009-10-26 类别：公司研究 机构：天相投顾 研究员：--,1,0
2009238+4,华银电力：华银电力（600744）盈利能力虽有改善 但仍较差2009-10-26 类别：公司研究 机构：天相投顾 研究员：--,0,0
2009239+4,科大讯飞：科大讯飞 2009 年前三季度继续稳步增长2009-10-26 类别：公司研究 机构：广发证券 研究员：惠毓伦,1,1
2009240+4,实益达：实益达（002137）第三季度收入环比增49% 毛利率提高两个百分点2009-10-26 类别：公司研究 机构：天相投顾 研究员：--,1,0
2009241+4,山河智能：山河智能（002097）公司经营情况已经明显好转 但估值偏高2009-10-26 类别：公司研究 机构：天相投顾 研究员：--,1,0
2009242+4,天茂集团：天茂集团（000627）同比数据将继续向好2009-10-26 类别：公司研究 机构：天相投顾 研究员：--,1,0
2009243+4,锦州港：锦州港（600190）业绩持续好转 亿吨能源大港指日可待2009-10-26 类别：公司研究 机构：天相投顾 研究员：--,0,0
2009244+4,太阳纸业：太阳纸业 业绩果然很漂亮2009-10-26 类别：公司研究 机构：第一创业 研究员：秦燕,1,0
2009245+4,铁龙物流：铁龙物流（600125）沙鲅线产能释放使得业绩超预期2009-10-26 类别：公司研究 机构：天相投顾 研究员：--,1,1
2009246+4,华东医药：华东医药 工商兼备 经营向好2009-10-26 类别：公司研究 机构：安信证券 研究员：洪露,1,1
2009247+4,国统股份：国统股份（002205） 毛利率上升提高公司盈利能力2009-10-26 类别：公司研究 机构：天相投顾 研究员：--,1,1
2009248+4,合肥城建：合肥城建(002208）定向增发有效弥补项目不足之劣势2009-10-26 类别：公司研究 机构：天相投顾 研究员：--,1,1
2009249+4,新乡化纤：新乡化纤（000949） 新建产能投产将扩大公司差别化粘胶短纤比例2009-10-26 类别：公司研究 机构：天相投顾 研究员：--,1,1
2009250+4,航天动力：航天动力（600343）业绩处于缓慢回升阶段2009-10-26 类别：公司研究 机构：天相投顾 研究员：--,1,0
2009251+4,重庆百货：重庆百货 三季度净利润增长提速2009-10-26 类别：公司研究 机构：中信建投 研究员：彭砚苹 陈乐华,1,1
2009252+4,宗申动力：宗申动力 业绩增长符合预期2009-10-26 类别：公司研究 机构：西南证券 研究员：--,1,1
2009253+4,双汇发展：双汇发展 业绩稳定可期 投资价值明显2009-10-26 类别：公司研究 机构：东莞证券 研究员：黄黎明,1,1
2009254+4,广东鸿图：广东鸿图（002101）前三季度归属母公司净利润同比增长24.32%2009-10-26 类别：公司研究 机构：天相投顾 研究员：--,1,0
2009255+4,青海华鼎：青海华鼎（600243）业绩未见明显好转2009-10-26 类别：公司研究 机构：天相投顾 研究员：--,1,0
2009256+4,航天长峰：航天长峰（600855） 回暖初显 但尚无法扭转亏损局面2009-10-26 类别：公司研究 机构：天相投顾 研究员：--,0,0
2009257+4,漳州发展：漳州发展（000753） 第三季度营业收入同比增长120.26%2009-10-26 类别：公司研究 机构：天相投顾 研究员：--,1,0
2009258+4,潍柴动力：潍柴动力 毛利率大幅提高 业绩超出预期2009-10-26 类别：公司研究 机构：恒泰证券 研究员：吴文钊,1,1
2009259+4,新和成：新和成（002001） VA 涨价为业绩再添色彩2009-10-26 类别：公司研究 机构：天相投顾 研究员：--,1,1
2009260+4,交大昂立：交大昂立（600530）投资收益是公司营业利润的主要来源2009-10-26 类别：公司研究 机构：天相投顾 研究员：--,0,0
2009261+4,超华科技：超华科技（002288） 前三季度净利润同比增长12.7%2009-10-26 类别：公司研究 机构：天相投顾 研究员：--,0,0
2009262+4,承德露露：承德露露 降幅收窄 预计全年正增长2009-10-26 类别：公司研究 机构：中信建投 研究员：郑绮,1,1
2009263+4,宏达新材：宏达新材（002211）四季度同比数据将向好2009-10-26 类别：公司研究 机构：天相投顾 研究员：--,1,0
2009264+4,凤竹纺织：凤竹纺织（600493） 短期内难有大幅反弹 看点不多2009-10-26 类别：公司研究 机构：天相投顾 研究员：--,1,0
2009265+4,燕京啤酒：燕京啤酒--三季报业绩符合预期2009-10-26 类别：公司研究 机构：光大证券 研究员：蒋小东 李卓,1,1
2009266+4,中国人寿：中国人寿2009-10-26 类别：公司研究 机构：宏源证券 研究员：黄立军 邢波,0,1
2009267+4,新乡化纤：新乡化纤（000949） 新建产能投产将扩大公司差别化粘胶短纤比例2009-10-26 类别：公司研究 机构：天相投顾 研究员：--,1,1
2009268+4,国电南自：国电南自（600268） 三费仍居高不下 资产注入等待中2009-10-27 类别：公司研究 机构：天相投顾 研究员：--,1,0
2009269+4,南京熊猫：南京熊猫（600775） 符合年报前低后高预测 公司三季度业绩明显好转2009-10-27 类别：公司研究 机构：天相投顾 研究员：--,0,0
2009270+4,特变电工：特变电工 业绩增长符合预期 盈利能力继续提升2009-10-27 类别：公司研究 机构：世纪证券 研究员：陆勤 颜彪,0,1
2009271+4,国元证券：国元证券 经纪业务市场份额提升 但净手续费率下滑明显2009-10-27 类别：公司研究 机构：江南证券 研究员：郭懿,0,0
2009272+4,开滦股份：开滦股份（600997） 焦化业务好转在四季度难以持续2009-10-27 类别：公司研究 机构：天相投顾 研究员：--,0,1
2009273+4,合肥百货：合肥百货 非公开发行方案有利于公司可持续发展2009-10-27 类别：公司研究 机构：中投证券 研究员：兰飞燕,1,1
2009274+4,黑猫股份：黑猫股份 业绩稳定增长 关注乌海基地盈利2009-10-27 类别：公司研究 机构：中信建投 研究员：梁斌 李静,1,1
2009275+4,中国铁建：中国铁建 单季度利润增速快速上升 低风险高收益的投资标的2009-10-27 类别：公司研究 机构：中投证券 研究员：李凡 罗泽兵,0,1
2009276+4,祥龙电业：祥龙电业（600769） 下游领域开工不足 年度内净利润预亏2009-10-27 类别：公司研究 机构：天相投顾 研究员：--,0,0
2009277+4,兴发集团：兴发集团 3 季度经营符合预期2009-10-27 类别：公司研究 机构：光大证券 研究员：张力扬 程磊 高峥,1,1
2009278+4,北新建材：北新建材 业绩符合预期——北新建材三季报点评2009-10-27 类别：公司研究 机构：长江证券 研究员：邹戈,0,1
2009279+4,日照港：日照港 三季度业绩环比下降2009-10-27 类别：公司研究 机构：国元证券 研究员：糜怀清,0,0
2009280+4,合肥百货：合肥百货2009-10-27 类别：公司研究 机构：东莞证券 研究员：黄黎明 丁文进,1,1
2009281+4,东华科技：东华科技2009-10-27 类别：公司研究 机构：国元证券 研究员：包社,1,1
2009282+4,日照港：日照港 三季度环比增量未增利2009-10-27 类别：公司研究 机构：中信建投 研究员：钱宏伟,0,1
2009283+4,美邦服饰：美邦服饰 转型期低谷已过2009-10-27 类别：公司研究 机构：中信建投 研究员：李俊松,1,1
2009284+4,湘邮科技：湘邮科技（600476） 营销渠道优势削弱 邮政物流业务增长空间有限2009-10-27 类别：公司研究 机构：天相投顾 研究员：--,1,0
2009285+4,宁波联合：宁波联合（600051） 投资收益减少 利润下降42.03%2009-10-27 类别：公司研究 机构：天相投顾 研究员：--,0,0
2009286+4,亨通光电：亨通光电 同期基数大 业绩增长略放缓2009-10-27 类别：公司研究 机构：东海证券 研究员：康志毅,1,1
2009287+4,徐工机械：徐工机械--汽车起重机热销带动业绩超预期2009-10-27 类别：公司研究 机构：东莞证券 研究员：王珂英、莫景成,1,1
2009288+4,兴发集团：兴发集团 行业低谷配置的好品种2009-10-27 类别：公司研究 机构：国元证券 研究员：周建 周海鸥,1,1
2009289+4,粤水电：粤水电（002060） 合同量巨大 风电业务是未来看点2009-10-27 类别：公司研究 机构：天相投顾 研究员：--,1,0
2009290+4,中国人寿：中国人寿 投资收益率高位稳定 新业务价值快速增长2009-10-27 类别：公司研究 机构：中信建投 研究员：魏涛 吴旻,0,1
2009291+4,特变电工：特变电工 (600089)业绩符合预期2009-10-27 类别：公司研究 机构：安信证券 研究员：黄守宏,0,1
2009292+4,天山股份：天山股份--疆内景气 苏南静待新开工持续复苏2009-10-27 类别：公司研究 机构：光大证券 研究员：陈浩武,1,1
2009293+4,国元证券：国元证券 享受经纪业务的繁荣时光 自营投资收益今年不大理想2009-10-27 类别：公司研究 机构：东海证券 研究员：陶正傲,0,0
2009294+4,金地集团：金地集团2009-10-27 类别：公司研究 机构：江南证券 研究员：张绍坤 吴伟,0,1
2009295+4,明星电力：业绩平稳增长2009-10-27 类别：公司研究 机构：天相投顾 研究员：--,1,0
2009296+4,新华都：新华都 收入增速远高于行业平均水平2009-10-27 类别：公司研究 机构：中投证券 研究员：兰飞燕,0,1
2009297+4,华新水泥：华新水泥 区域产能释放 水泥价格下滑拉低3 季度业绩2009-10-27 类别：公司研究 机构：中投证券 研究员：李凡 罗泽兵,0,1
2009298+4,东华科技：东华科技 公司2009 年三季报点评——FMTP 将进入收获期2009-10-27 类别：公司研究 机构：东北证券 研究员：王伟纲,1,0
2009299+4,新华都：新华都 三季度业绩增速回升显著2009-10-27 类别：公司研究 机构：中信建投 研究员：彭砚苹 陈乐华,0,0
2009300+4,登海种业：登海种业（002041） 全年净利润预增3310%-3360%2009-10-27 类别：公司研究 机构：天相投顾 研究员：--,1,1
2009301+4,美邦服饰：美邦服饰 业绩低于预期辩证看待短长期发展问题2009-10-27 类别：公司研究 机构：中投证券 研究员：王薇,1,1
2009302+4,南方航空：南方航空（600029） 第三季度航空主业扭亏2009-10-28 类别：公司研究 机构：天相投顾 研究员：--,1,1
2009303+4,世荣兆业：世荣兆业（002016） 预收款项较少 但预告称可实现业绩承诺2009-10-28 类别：公司研究 机构：天相投顾 研究员：王逸峰 石磊,1,0
2009304+4,中核科技：中核科技（000777） 受益核电建设 核阀产品仍有成长空间2009-10-28 类别：公司研究 机构：天相投顾 研究员：--,1,0
2009305+4,中国中铁：中国中铁 2009 年3 季报点评-收入超高速增长2009-10-28 类别：公司研究 机构：国元证券 研究员：包社,0,1
2009306+4,联环药业：联环药业（600513） 毛利率提升 公司净利润同比增长31.81%2009-10-28 类别：公司研究 机构：天相投顾 研究员：--,1,0
2009307+4,天药股份：天药股份（600488） 以价换量 三季度业绩平稳2009-10-28 类别：公司研究 机构：天相投顾 研究员：--,1,0
2009308+4,南京医药：南京医药 经营业绩符合预期2009-10-28 类别：公司研究 机构：东莞证券 研究员：俞春燕 谭小兵,1,1
2009309+4,恩华药业：恩华药业 聚焦中枢神经系统药物 一类新药上市在即2009-10-28 类别：公司研究 机构：东海证券 研究员：张飞 袁舰波,1,1
2009310+4,特变电工：特变电工（600089） 主业发展良好 潜在增长极不止一个2009-10-28 类别：公司研究 机构：天相投顾 研究员：--,0,1
2009311+4,四川成渝：四川成渝 业绩略超预期估值压力仍待消化2009-10-28 类别：公司研究 机构：中投证券 研究员：李超,0,0
2009312+4,太原重工：太原重工（600169） 前三季度净利润同比增长17% 符合预期2009-10-28 类别：公司研究 机构：天相投顾 研究员：--,0,1
2009313+4,鞍钢股份：鞍钢股份（000898） 股价下跌 估值重现吸引力2009-10-28 类别：公司研究 机构：银河证券 研究员：孙勇,0,0
2009314+4,大立科技：虽然半年盈利同比下滑 但全年实现30%以内增长为大概率事件2009-10-28 类别：公司研究 机构：中投证券 研究员：王海军,1,1
2009315+4,海立股份：海立股份（600619） 仍未走出金融危机阴影2009-10-28 类别：公司研究 机构：天相投顾 研究员：--,1,1
2009316+4,京能置业：京能置业（600791） 拐点出现 业绩释放尚需时日2009-10-28 类别：公司研究 机构：天相投顾 研究员：--,0,0
2009317+4,上海莱士：上海莱士 下半年业绩将呈现高速增长2009-10-28 类别：公司研究 机构：东莞证券 研究员：俞春燕 谭小兵,1,0
2009318+4,江南高纤：江南高纤（600527） 募投项目逐步投产 复合短纤产能扩张迅速2009-10-28 类别：公司研究 机构：天相投顾 研究员：--,1,1
2009319+4,广东鸿图：广东鸿图（002101） 2009 年前三季度归属母公司净利润同比增长24.32%2009-10-28 类别：公司研究 机构：天相投顾 研究员：--,1,0
2009320+4,精工钢构：精工钢构2009-10-28 类别：公司研究 机构：国元证券 研究员：包社,1,1
2009321+4,如意集团：如意集团（000626） 投资收益和存货跌价转回贡献主要利润2009-10-28 类别：公司研究 机构：天相投顾 研究员：--,1,0
2009322+4,世荣兆业：世荣兆业（002016） 预收款项较少 但预告称可实现业绩承诺2009-10-28 类别：公司研究 机构：天相投顾 研究员：王逸峰 石磊,1,0
2009323+4,南方航空：南方航空（600029） 第三季度航空主业扭亏2009-10-28 类别：公司研究 机构：天相投顾 研究员：--,1,1
2009324+4,金鹰股份：金鹰股份（600232） 盈利继续下滑 短期难以回升2009-10-28 类别：公司研究 机构：天相投顾 研究员：--,1,0
2009325+4,金健米业：金健米业（600127） 前三季度扭亏 录得微利2009-10-28 类别：公司研究 机构：天相投顾 研究员：--,1,0
2009326+4,陆家嘴：陆家嘴(600663） 业务转型期 收入有暂时下降风险2009-10-28 类别：公司研究 机构：天相投顾 研究员：--,0,0
2009327+4,山河智能：山河智能 3季度业绩符合预期2009-10-28 类别：公司研究 机构：东莞证券 研究员：王珂英 莫景成,1,0
2009328+4,泰山石油：泰山石油（000554） 进销差价降低 利润空间缩小2009-10-28 类别：公司研究 机构：天相投顾 研究员：--,1,0
2009329+4,新华百货：新华百货 三季度业绩增长超预期 占领宁夏利基市场支撑公司持续成长2009-10-28 类别：公司研究 机构：长江证券 研究员：邵稳重,1,1
2009330+4,江铃汽车：江铃汽车 销售结构上移导致盈利能力提升2009-10-28 类别：公司研究 机构：东海证券 研究员：赵世光 李涛,1,1
2009331+4,片仔癀：片仔癀（600436） 提价空间广阔 药妆品成业绩新增长点2009-10-28 类别：公司研究 机构：天相投顾 研究员：--,1,1
2009332+4,特变电工：特变电工 毛利率提升推动业绩高速增长 全年成长依然确定2009-10-28 类别：公司研究 机构：中投证券 研究员：熊琳,0,1
2009333+4,百联股份：百联股份--投资收益大增促使业绩超预期2009-10-28 类别：公司研究 机构：东莞证券 研究员：黄黎明 丁文进,1,1
2009334+4,三钢闽光：三钢闽光 第三季度创单季业绩第二高2009-10-28 类别：公司研究 机构：广发证券 研究员：谢军 冯刚勇 马涛,0,1
2009335+4,中国平安：中国平安 2010 年新业务前景光明2009-10-28 类别：公司研究 机构：联合证券 研究员：张黎,1,1
2009336+4,数源科技：数源科技（000909） 投资收益大增 主业经营平稳2009-10-28 类别：公司研究 机构：天相投顾 研究员：--,1,0
2009337+4,金智科技：金智科技(002090) 数字化变电站项目投产 业绩平稳增长可期2009-10-28 类别：公司研究 机构：天相投顾 研究员：--,1,0
2009338+4,中国平安：中国平安（601318） 三季度净资产基本稳定2009-10-28 类别：公司研究 机构：天相投顾 研究员：--,1,1
2009339+4,中国铝业：中国铝业（601600） 3 季度实现盈利2009-10-28 类别：公司研究 机构：天相投顾 研究员：--,0,0
2009340+4,新世界：新世界 酒店业务大幅下滑拖累公司业绩表现2009-10-28 类别：公司研究 机构：中投证券 研究员：兰飞燕,0,1
2009341+4,耀皮玻璃：耀皮玻璃 (600819) 2009 年亏损严重 第三季度开始扭亏2009-10-28 类别：公司研究 机构：天相投顾 研究员：--,1,0
2009342+4,本钢板材：本钢板材 亏损延续 全年扭亏无望2009-10-28 类别：公司研究 机构：广发证券 研究员：谢军 马涛 冯刚勇,0,1
2009343+4,江苏吴中：江苏吴中（600200） 三季度仍未扭亏2009-10-28 类别：公司研究 机构：天相投顾 研究员：--,1,0
2009344+4,南京医药：南京医药 利润增速落后收入2009-10-28 类别：公司研究 机构：民族证券 研究员：隋阳 涂羚波,1,1
2009345+4,东安动力：东安动力 （600178）季报点评-估值较低及整合预期的投资机会2009-10-28 类别：公司研究 机构：民生证券 研究员：呼振翼,0,1
2009346+4,国投电力：国投电力 投资收益增加 三季报业绩环比增长2009-10-28 类别：公司研究 机构：光大证券 研究员：崔玉芹,0,0
2009347+4,龙溪股份：龙溪股份(600592) 出口有望复苏 看好公司发展潜力2009-10-28 类别：公司研究 机构：天相投顾 研究员：--,1,0
2009348+4,轻纺城：轻纺城（600790） 主营业务下滑 投资收益剧减2009-10-28 类别：公司研究 机构：天相投顾 研究员：--,1,0
2009349+4,中国国航：中国国航 主业盈利明显回升 递延所得税费用大幅增长2009-10-28 类别：公司研究 机构：广发证券 研究员：黄永琳 董丁,1,1
2009350+4,浦东建设：浦东建设（600284） 世博工程建设最后冲刺2009-10-28 类别：公司研究 机构：天相投顾 研究员：--,1,1
2009351+4,祁连山：祁连山 三季度净利润同比增长53.61% 业绩符合预期2009-10-28 类别：公司研究 机构：第一创业 研究员：李志锐,1,0
2009352+4,华新水泥：华新水泥 第三季低于预期 第四季有望改善2009-10-28 类别：公司研究 机构：联合证券 研究员：周焕,0,1
2009353+4,宁波华翔：宁波华翔 3季报符合预期 期待外延式扩张2009-10-28 类别：公司研究 机构：广发证券 研究员：黎韦清,1,1
2009354+4,重庆钢铁：重庆钢铁 中厚板拖累三季度业绩2009-10-28 类别：公司研究 机构：广发证券 研究员：谢军 冯刚勇 马涛,0,0
2009355+4,三房巷：三房巷（600370） 原材料价格和费用率均下降 盈利能力提高2009-10-28 类别：公司研究 机构：天相投顾 研究员：--,1,0
2009356+4,栖霞建设：栖霞建设（600533） 中短期业绩有保障长期发展前景良好2009-10-28 类别：公司研究 机构：天相投顾 研究员：天相房地产组,0,0
2009357+4,乐山电力：乐山电力（600644） 毛利率下降 期待销售电价上调2009-10-28 类别：公司研究 机构：天相投顾 研究员：--,1,0
2009358+4,大立科技：虽然半年盈利同比下滑 但全年实现30%以内增长为大概率事件2009-10-28 类别：公司研究 机构：中投证券 研究员：王海军,1,1
2009359+4,京能置业：京能置业（600791） 拐点出现 业绩释放尚需时日2009-10-28 类别：公司研究 机构：天相投顾 研究员：--,0,0
2009360+4,海立股份：海立股份（600619） 仍未走出金融危机阴影2009-10-28 类别：公司研究 机构：天相投顾 研究员：--,1,1
2009361+4,四川成渝：四川成渝 业绩略超预期估值压力仍待消化2009-10-28 类别：公司研究 机构：中投证券 研究员：李超,0,0
2009362+4,鞍钢股份：鞍钢股份（000898） 股价下跌 估值重现吸引力2009-10-28 类别：公司研究 机构：银河证券 研究员：孙勇,0,0
2009363+4,太原重工：太原重工（600169） 前三季度净利润同比增长17% 符合预期2009-10-28 类别：公司研究 机构：天相投顾 研究员：--,0,1
2009364+4,马钢股份：马钢股份（600808） 第三季度盈利水平同比持平2009-10-28 类别：公司研究 机构：天相投顾 研究员：--,0,0
2009365+4,海欣股份：海欣股份（600851） 已实现盈利 后期有望持续2009-10-28 类别：公司研究 机构：天相投顾 研究员：--,1,0
2009366+4,特变电工：特变电工（600089） 主业发展良好 潜在增长极不止一个2009-10-28 类别：公司研究 机构：天相投顾 研究员：--,0,1
2009367+4,鞍钢股份：股鞍钢股份--价下跌 估值重现吸引力2009-10-28 类别：公司研究 机构：银河证券 研究员：孙勇,0,0
2009368+4,桂冠电力：桂冠电力（600236） 前三季度净利润同比增长16 倍2009-10-29 类别：公司研究 机构：天相投顾 研究员：王小建,0,1
2009369+4,龙建股份：龙建股份（600853） 收入快速增长受益于地区建设规划2009-10-29 类别：公司研究 机构：天相投顾 研究员：--,0,0
2009370+4,青松建化：青松建化(600425) 向上动力减弱 产能释放提升业绩2009-10-29 类别：公司研究 机构：天相投顾 研究员：--,1,0
2009371+4,山西汾酒：山西汾酒 (600809)-新人事带来新风貌 5年规划描画高速增长蓝图2009-10-29 类别：公司研究 机构：山西证券 研究员：罗胤,1,1
2009372+4,厦门空港：厦门空港（600897） 多因素促使前三季度净利润增长62%2009-10-29 类别：公司研究 机构：天相投顾 研究员：--,0,1
2009373+4,宁波银行：宁波银行 费用增长和拨备计提降低利润增速2009-10-29 类别：公司研究 机构：联合证券 研究员：周俊 吴松凯,0,1
2009374+4,新华百货：新华百货 业绩增长依然强劲2009-10-29 类别：公司研究 机构：山西证券 研究员：樊慧远,1,1
2009375+4,大立科技：大立科技 三季报电话调研情况2009-10-29 类别：公司研究 机构：东海证券 研究员：袁 琤,1,1
2009376+4,铜峰电子：铜峰电子（600237） 看淡长期发展 无明显投资机会2009-10-29 类别：公司研究 机构：天相投顾 研究员：--,1,0
2009377+4,大龙地产：大龙地产（600159） 业绩暴增 区域龙头初现2009-10-29 类别：公司研究 机构：天相投顾 研究员：--,0,1
2009378+4,太原重工：太原重工(600169)期待新接订单稳定性2009-10-29 类别：公司研究 机构：国金证券 研究员：董亚光,0,1
2009379+4,上海机场：上海机场（600009） 前三季度业绩环比递增2009-10-29 类别：公司研究 机构：天相投顾 研究员：--,0,1
2009380+4,厦门空港：厦门空港2009-10-29 类别：公司研究 机构：国元证券 研究员：糜怀清,0,1
2009381+4,经纬纺机：经纬纺机（000666） 业绩环比继续下滑 短期难言见底2009-10-29 类别：公司研究 机构：天相投顾 研究员：--,1,0
2009382+4,白云机场：白云机场（600004） 前三季度净利润小幅增长1%2009-10-29 类别：公司研究 机构：天相投顾 研究员：--,1,1
2009383+4,海印股份：海印股份（000861） 合作经营中华广场 租赁收益大幅增加2009-10-29 类别：公司研究 机构：天相投顾 研究员：--,1,1
2009384+4,山推股份：山推股份 9月份出口回升2009-10-29 类别：公司研究 机构：中信建投 研究员：高晓春,1,1
2009385+4,益佰制药：益佰制药 处方药增长提速 营销优势明显2009-10-29 类别：公司研究 机构：齐鲁证券 研究员：吕国启 许均华,1,0
2009386+4,拓日新能：拓日新能（002218） 公司净利润同比下降52.7%2009-10-29 类别：公司研究 机构：天相投顾 研究员：--,0,0
2009387+4,澳柯玛：澳柯玛（600336） 家电下乡促进产品销量增长2009-10-29 类别：公司研究 机构：天相投顾 研究员：--,1,0
2009388+4,安徽合力：安徽合力 09三季报点评 业绩逐季提升2009-10-29 类别：公司研究 机构：中信建投 研究员：高晓春,1,1
2009389+4,南京港：南京港（002040） 净利润同比减少39.87% 第三季度基本无盈利2009-10-29 类别：公司研究 机构：天相投顾 研究员：--,1,0
2009390+4,宁波银行：宁波银行 业绩指标货真价实 拨备计提利在明年2009-10-29 类别：公司研究 机构：长江证券 研究员：刘俊,0,1
2009391+4,东风汽车：东风汽车--3 季度业绩大幅反弹 首次关注2009-10-29 类别：公司研究 机构：东莞证券 研究员：王珂英、莫景成,1,0
2009392+4,国金证券：国金证券 估值压力凸显2009-10-29 类别：公司研究 机构：宏源证券 研究员：黄立军 邢波,0,0
2009393+4,中金黄金：中金黄金（600489） 3 季度净利润环比下降8% 略差于预期2009-10-29 类别：公司研究 机构：天相投顾 研究员：--,1,1
2009394+4,苏州高新：苏州高新（600736） 项目储备丰富 销售大幅增长2009-10-29 类别：公司研究 机构：天相投顾 研究员：--,0,0
2009395+4,通化东宝：通化东宝（600867）胰岛素出口受阻2009-10-29 类别：公司研究 机构：天相投顾 研究员：--,1,0
2009396+4,城投控股：城投控股(600649） 上海经济适用房建设龙头_-0910302009-10-29 类别：公司研究 机构：天相投顾 研究员：--,0,1
2009397+4,白云机场：白云机场2009-10-29 类别：公司研究 机构：国元证券 研究员：糜怀清,1,0
2009398+4,宝钢股份：宝钢股份--业绩回升幅度大幅超预期2009-10-29 类别：公司研究 机构：东莞证券 研究员：刘卓平,1,0
2009399+4,三一重工：三一重工 三季度业绩增长 1.5 倍全年业绩将再创新高2009-10-29 类别：公司研究 机构：第一创业 研究员：郭强,1,1
2009400+4,海通证券：海通证券 海通证券 直投或助自营提升2009-10-29 类别：公司研究 机构：宏源证券 研究员：黄立军 邢波,0,1
2009401+4,海利得：海利得（002206） 2009 年三季报点评2009-10-29 类别：公司研究 机构：东北证券 研究员：邵振华,1,0
2009402+4,文山电力：文山电力-购电成本提高 管理费用增加2009-10-29 类别：公司研究 机构：联合证券 研究员：王爽 周衍长,1,1
2009403+4,南京港：南京港（002040） 净利润同比减少39.87% 第三季度基本无盈利2009-10-29 类别：公司研究 机构：天相投顾 研究员：--,1,0
2009404+4,柳化股份：柳化股份（600423） 业绩好转 三季度首现扭亏2009-10-29 类别：公司研究 机构：天相投顾 研究员：--,1,1
2009405+4,中国中期：中国中期（000996） 期货子公司合并 存在资产注入预期2009-10-29 类别：公司研究 机构：天相投顾 研究员：石磊,0,1
2009406+4,上海机场：上海机场 2009 年三季报点评——主业平稳 看点在明年2009-10-29 类别：公司研究 机构：长江证券 研究员：吴云英,0,1
2009407+4,上工申贝：上工申贝（600843） 行业不景气 09 年仍将亏损2009-10-29 类别：公司研究 机构：天相投顾 研究员：--,1,0
2009408+4,烽火通信：烽火通信 三季度业绩超预期2009-10-29 类别：公司研究 机构：东海证券 研究员：康志毅,1,1
2009409+4,广电运通：广电运通 三季报基本符合预期2009-10-29 类别：公司研究 机构：国元证券 研究员：李林森 杨培龙,1,1
2009410+4,长江电力：长江电力 长江电力三季报点评 调峰能力显现 业绩保持平稳2009-10-29 类别：公司研究 机构：长江证券 研究员：虞亚新,0,1
2009411+4,塔牌集团：塔牌集团 塔牌集团三季报点评2009-10-29 类别：公司研究 机构：长江证券 研究员：苏雪晶,0,1
2009412+4,山东威达：山东威达 管理改善和订单回暖下的复苏——山东威达3季报点评暨调研简报2009-10-29 类别：公司研究 机构：南京证券 研究员：章琪,1,1
2009413+4,工商银行：工商银行 三季报点评2009-10-29 类别：公司研究 机构：联合证券 研究员：周俊 吴松凯,0,1
2009414+4,安徽合力：安徽合力 业绩逐季恢复 未来弹性较大2009-10-29 类别：公司研究 机构：中原证券 研究员：路永光,1,1
2009415+4,铜陵有色：铜陵有色 (000630)三季报点评看点依然在未来铜资源的扩张2009-10-29 类别：公司研究 机构：长江证券 研究员：葛军,1,0
2009416+4,金杯汽车：金杯汽车（600609） 受益投资收益增加 明年利润率水平或将改善2009-10-29 类别：公司研究 机构：天相投顾 研究员：--,0,0
2009417+4,芭田股份：芭田股份 三季度业绩扭亏为盈2009-10-29 类别：公司研究 机构：江南证券 研究员：卢全治,1,0
2009418+4,长春燃气：长春燃气（600333） 受益于煤价下行2009-10-29 类别：公司研究 机构：天相投顾 研究员：--,1,0
2009419+4,好当家：好当家（600467） 海参价格下跌拖累公司业绩2009-10-29 类别：公司研究 机构：天相投顾 研究员：--,1,1
2009420+4,交通银行：交通银行2009-10-29 类别：公司研究 机构：东海证券 研究员：李文,0,1
2009421+4,交通银行：交通银行 前三季度业绩符合预期2009-10-29 类别：公司研究 机构：中银国际 研究员：袁琳,0,0
2009422+4,川投能源：川投能源（600674） 受累于多晶硅价格下跌 净利润下降59.21%2009-10-29 类别：公司研究 机构：天相投顾 研究员：--,0,0
2009423+4,新华制药：新华制药（000756） 原材料价格下跌提高毛利率2009-10-29 类别：公司研究 机构：天相投顾 研究员：--,1,0
2009424+4,恒顺醋业：恒顺醋业（600305） 房地产销售占比提升2009-10-29 类别：公司研究 机构：天相投顾 研究员：--,1,0
2009425+4,交通银行：交通银行2009-10-29 类别：公司研究 机构：中银国际 研究员：袁琳,0,0
2009426+4,上海建工：上海建工（600170） 前三季度净利润同比增长9%2009-10-29 类别：公司研究 机构：天相投顾 研究员：王冬,0,0
2009427+4,中国石油：中国石油（601857） 业绩缓慢增长2009-10-29 类别：公司研究 机构：国都证券 研究员：伍颖,0,1
2009428+4,新华百货：新华百货 三季度持续快速增长2009-10-29 类别：公司研究 机构：上海证券 研究员：刘丽,1,1
2009429+4,高新发展：高新发展（000628） 业务体系驳杂 盈利能力较差2009-10-29 类别：公司研究 机构：天相投顾 研究员：--,1,0
2009430+4,酒鬼酒：酒鬼酒（000799） 高端酒阵营老将新贵2009-10-29 类别：公司研究 机构：天相投顾 研究员：--,1,0
2009431+4,三一重工：三一重工 业绩超预期 关注混凝土机械回升2009-10-29 类别：公司研究 机构：东莞证券 研究员：王珂英别莫景成,1,1
2009432+4,劲嘉股份：劲嘉股份 外延式增长可持续 产业链上移效用逐步显现2009-10-29 类别：公司研究 机构：东海证券 研究员：毛伟 赵献兵,0,1
2009433+4,开开实业：开开实业（600272） 投资收益引起盈利波动加剧2009-10-29 类别：公司研究 机构：天相投顾 研究员：--,1,0
2009434+4,马钢股份：马钢股份（600808） 产品齐全 弹性不足2009-10-29 类别：公司研究 机构：东北证券 研究员：张能进,0,0
2009435+4,中信证券：中信证券--投资收益率稳定 直投业务开门红2009-10-29 类别：公司研究 机构：中信建投 研究员：魏涛,0,1
2009436+4,常铝股份：常铝股份（002160） 存货跌价准备转回及政府补助是盈利主因2009-10-29 类别：公司研究 机构：天相投顾 研究员：--,1,0
2009437+4,申通地铁：申通地铁（600834） 盈利能力环比改善 内涵式增长有限2009-10-29 类别：公司研究 机构：天相投顾 研究员：李毅,1,0
2009438+4,青山纸业：青山纸业(600103) 产销量下降 净利润亏损2009-10-29 类别：公司研究 机构：天相投顾 研究员：--,1,0
2009439+4,天威视讯：天威视讯--短期业绩不改长期趋势2009-10-29 类别：公司研究 机构：光大证券 研究员：范敏,1,1
2009440+4,上海能源：上海能源（600508） 前三季度净利润同比下降29.5%2009-10-29 类别：公司研究 机构：天相投顾 研究员：--,1,0
2009441+4,通化东宝：通化东宝（600867） 胰岛素出口受阻2009-10-29 类别：公司研究 机构：天相投顾 研究员：--,1,0
2009442+4,冠豪高新：冠豪高新(600433) 成本费用降低 净利润增长2009-10-29 类别：公司研究 机构：天相投顾 研究员：--,1,0
2009443+4,益佰制药：益佰制药--业绩如期兑现 公司经营迈上新的台阶2009-10-29 类别：公司研究 机构：东海证券 研究员：袁舰波,1,1
2009444+4,川润股份：川润股份（002272） 余热锅炉等产品开始发力2009-10-29 类别：公司研究 机构：天相投顾 研究员：--,1,1
2009445+4,北京银行：北京银行 息差平稳 拨备计提减少2009-10-29 类别：公司研究 机构：联合证券 研究员：周俊 吴松凯,0,1
2009446+4,保税科技：保税科技（600794） 化工仓储和化工贸易业务实现较快增长2009-10-29 类别：公司研究 机构：天相投顾 研究员：石磊,1,0
2009447+4,东风汽车：东风汽车（600006） 第四季度业绩进一步提升的预期明朗2009-10-29 类别：公司研究 机构：天相投顾 研究员：--,1,1
2009448+4,复星医药：复星医药（600196） 投资收益同比增长278.39% 主业利润增长稳定2009-10-29 类别：公司研究 机构：天相投顾 研究员：--,1,1
2009449+4,大秦铁路：大秦铁路 收入稳步提升 基本回到危机前水平2009-10-29 类别：公司研究 机构：国都证券 研究员：--,0,1
2009450+4,鲁抗医药：鲁抗医药（600789） 毛利率整体下滑 四季度或将改善2009-10-29 类别：公司研究 机构：天相投顾 研究员：--,1,0
2009451+4,中材国际：中材国际--业绩稳定增长 低估值2009-10-29 类别：公司研究 机构：光大证券 研究员：陈浩武,1,1
2009452+4,浦发银行：浦发银行 息差回升 信贷成本为负2009-10-29 类别：公司研究 机构：第一创业 研究员：陈曦,0,0
2009453+4,出版传媒：出版传媒（601999） 增长符合预期 关注资本整合机会2009-10-29 类别：公司研究 机构：东北证券 研究员：耿云,1,0
2009454+4,塔牌集团：塔牌集团--静待珠三角新开工持续复苏2009-10-29 类别：公司研究 机构：光大证券 研究员：陈浩武,0,1
2009455+4,云海金属：云海金属2009-10-29 类别：公司研究 机构：国元证券 研究员：姚春雷,1,0
2009456+4,烽火通信：烽火通信2009-10-29 类别：公司研究 机构：长江证券 研究员：陈志坚,1,1
2009457+4,天威视讯：天威视讯 现金流入远超净利润 和移动合作发展全业务2009-10-29 类别：公司研究 机构：第一创业 研究员：任文杰,1,1
2009458+4,国金证券：国金证券2009-10-29 类别：公司研究 机构：江南证券 研究员：郭懿,0,0
2009459+4,正邦科技：正邦科技（002157） 快速扩张 布局全国2009-10-29 类别：公司研究 机构：天相投顾 研究员：--,1,1
2009460+4,中钢天源：中钢天源（002057） 2009年1-9月净利润同比下降78%2009-10-29 类别：公司研究 机构：天相投顾 研究员：--,1,0
2009461+4,荣丰控股：容丰控股（000668） 业绩大幅下滑源自重组后数据不可比2009-10-29 类别：公司研究 机构：天相投顾 研究员：--,0,0
2009462+4,三一重工：三一重工 公司第三季度的销售略超预期2009-10-29 类别：公司研究 机构：上海证券 研究员：平敬伟,1,1
2009463+4,杭州解百：杭州解百（600814） 收购元华商场致费用大幅上升2009-10-29 类别：公司研究 机构：天相投顾 研究员：--,1,0
2009464+4,中国中铁：中国中铁 新签合同额爆发式增长2009-10-29 类别：公司研究 机构：中信建投 研究员：田东红 郑军 韩梅,0,1
2009465+4,深圳机场：深圳机场（000089） 剔除诉讼案 前三季度业绩小幅增长7%2009-10-29 类别：公司研究 机构：天相投顾 研究员：--,0,1
2009466+4,福田汽车：福田汽车 （600166）09_年三季报点评绩超预期 中重卡销售成未来看点2009-10-29 类别：公司研究 机构：东莞证券 研究员：王珂英 莫景成,1,1
2009467+4,苏宁环球：苏宁环球 销售增长财务稳健2009-10-29 类别：公司研究 机构：东海证券 研究员：桂长元,0,1
2009468+4,江特电机：江特电机(002176) 经济危机影响依旧 走出困境尚需时日2009-10-29 类别：公司研究 机构：天相投顾 研究员：--,1,0
2009469+4,冠城大通：冠城大通(600067） 2009年业绩存在大幅度增长可能-0910302009-10-29 类别：公司研究 机构：天相投顾 研究员：天相金融房地产组,0,1
2009470+4,铜陵有色：铜陵有色2009-10-29 类别：公司研究 机构：国元证券 研究员：姚春雷,1,1
2009471+4,红宝丽：红宝丽（002165） 2009 年三季报点评2009-10-29 类别：公司研究 机构：东北证券 研究员：邵振华,1,1
2009472+4,沧州大化：沧州大化 TDI 行情多对应国内装置的集中检修期2009-10-29 类别：公司研究 机构：长江证券 研究员：李兴,0,0
2009473+4,钱江水利：钱江水利（600283） 营业收入高速增长2009-10-29 类别：公司研究 机构：天相投顾 研究员：--,0,0
2009474+4,浙江龙盛：浙江龙盛 染料龙头受益纺织服装行业复苏2009-10-29 类别：公司研究 机构：国都证券 研究员：徐文峰,1,1
2009475+4,万向德农：万向德农（600371） 受益行业向好_种子盈利提升-0910302009-10-30 类别：公司研究 机构：天相投顾 研究员：--,1,0
2009476+4,海正药业：海正药业 09三季报点评-经营逐季向好 业绩略超预期2009-10-30 类别：公司研究 机构：国信证券 研究员：贺平鸽 陈栋,1,1
2009477+4,中信证券：中信证券 自营收入好于预期2009-10-30 类别：公司研究 机构：安信证券 研究员：杨建海,0,1
2009478+4,平煤股份：平煤股份(601666)第三季度净利润环比下降32%_低于预期2009-10-30 类别：公司研究 机构：中银国际 研究员：唐倩,1,0
2009479+4,金种子酒：金种子酒（600199） 第三季度利润增长近5倍-0910302009-10-30 类别：公司研究 机构：天相投顾 研究员：天相农业食品组,1,1
2009480+4,恒生电子：恒生电子（600570） 盈利能力将随证券市场的回暖而逐步提升2009-10-30 类别：公司研究 机构：天相投顾 研究员：--,1,1
2009481+4,银座股份：银座股份 短期压力犹在2009-10-30 类别：公司研究 机构：联合证券 研究员：吴红光 耿邦昊 李珊珊,1,1
2009482+4,柳工：柳工 业绩稳步回升2009-10-30 类别：公司研究 机构：金元证券 研究员：欧文沛 刘伟,1,1
2009483+4,中国国贸：中国国贸 2009年3季报点评2009-10-30 类别：公司研究 机构：安信证券 研究员：陶学明 李孔逸,1,1
2009484+4,东方电气：东方电气（600875）09年三季报点评-0910302009-10-30 类别：公司研究 机构：银河证券 研究员：沈文春,1,1
2009485+4,中国石化：中国石化（600028） 业绩持续亮丽2009-10-30 类别：公司研究 机构：东北证券 研究员：王伟纲,0,1
2009486+4,燕京啤酒：燕京啤酒（000729） 三季度期间费用上升制约业绩表现2009-10-30 类别：公司研究 机构：东北证券 研究员：吴雁,1,1
2009487+4,深高速：深高速--3季度业绩较差2009-10-30 类别：公司研究 机构：中银国际 研究员：李攀,0,0
2009488+4,中国国贸：中国国贸 2009 年3 季报点评2009-10-30 类别：公司研究 机构：安信证券 研究员：陶学明 李孔逸,1,1
2009489+4,青岛啤酒：青岛啤酒（600600） 低价大麦携手产品结构优化-0910302009-10-30 类别：公司研究 机构：天相投顾 研究员：天相农业食品组,1,0
2009490+4,宁波银行：宁波银行 09三季报快评-以规模带增长 资产质量压力较大2009-10-30 类别：公司研究 机构：国信证券 研究员：邱志承 谈煊,1,0
2009491+4,黄山旅游：黄山旅游（600054） 利润增速低于预期 长线仍具投资价值-0910302009-10-30 类别：公司研究 机构：天相投顾 研究员：张学鹏,1,1
2009492+4,江淮汽车：江淮汽车（600418） 商轿齐头并进 物流复苏提升公司业绩_-0910302009-10-30 类别：公司研究 机构：天相投顾 研究员：--,1,1
2009493+4,新安股份：新安股份 行业产能过剩制约公司盈利能力2009-10-30 类别：公司研究 机构：国都证券 研究员：徐文峰,0,1
2009494+4,宝钢股份：宝钢股份2009-10-30 类别：公司研究 机构：国元证券 研究员：苏立峰 姚春雷,1,1
2009495+4,东方电气：东方电气（600875） 2009 年三季报点评2009-10-30 类别：公司研究 机构：东北证券 研究员：姚罡,1,1
2009496+4,宝钢股份：宝钢股份--3季度业绩稳定2009-10-30 类别：公司研究 机构：中银国际 研究员：乐宇坤,1,1
2009497+4,歌华有线：歌华有线（600037） 业绩拐点来临_投资价值显现-0910302009-10-30 类别：公司研究 机构：天相投顾 研究员：邹高 姚伦,1,1
2009498+4,南京银行：南京银行（601009） 债券投资损失拖累业绩_-0910302009-10-30 类别：公司研究 机构：天相投顾 研究员：王逸峰,0,1
2009499+4,生意宝：生意宝（002095） 多元化发展战略成效有所显现-0910302009-10-30 类别：公司研究 机构：天相投顾 研究员：刘晓冬,1,0
2009500+4,中国建筑：中国建筑（601668）2009 年三季报点评2009-10-30 类别：公司研究 机构：国都证券 研究员：邹文军,0,1
2009501+4,交通银行：交通银行 2009 年三季度业绩分析师会议纪要2009-10-30 类别：公司研究 机构：中投证券 研究员：陈水祥,0,1
2009502+4,银座股份：银座股份09三季报点评-外延扩张拖累业绩增长2009-10-30 类别：公司研究 机构：国信证券 研究员：吴美玉,1,1
2009503+4,长江电力：长江电力（600900） 收购机组完成 发电量将大幅增加_-0910302009-10-30 类别：公司研究 机构：天相投顾 研究员：天相基础能源组,0,1
2009504+4,华发股份：华发股份 2009年3季报点评2009-10-30 类别：公司研究 机构：安信证券 研究员：陶学明 李孔逸,0,1
2009505+4,东方电气：东方电气 09三季报点评-风电贡献发力 火电并不悲观2009-10-30 类别：公司研究 机构：国信证券 研究员：彭继忠 皮家银,1,1
2009506+4,青岛啤酒：青岛啤酒--09 年前三季度公司销量同比增长10% 高于行业销量增速2009-10-30 类别：公司研究 机构：中银国际 研究员：赵宗俊,1,1
2009507+4,宁波银行：宁波银行（002142） 不良贷款余额持续上升-0910302009-10-30 类别：公司研究 机构：天相投顾 研究员：王逸峰 石磊,1,0
2009508+4,南京银行：南京银行2009年三季报点评2009-10-30 类别：公司研究 机构：东海证券 研究员：李文,0,1
2009509+4,柳工：柳工 (000528)09年三季报点评-业绩缓步回升2009-10-30 类别：公司研究 机构：金元证券 研究员：欧文沛 刘伟,1,1
2009510+4,工商银行：工商银行 2009年三季度业绩分析师会议纪要2009-10-30 类别：公司研究 机构：中投证券 研究员：陈水祥,0,1
2009511+4,工商银行：工商银行-业绩增长可持续 资产质量良好2009-10-30 类别：公司研究 机构：国信证券 研究员：邱志承 谈煊,0,1
2009512+4,中鼎股份：中鼎股份（000887）业绩符合预期 明年看出口业务的增长2009-10-30 类别：公司研究 机构：中投证券 研究员：陈光明,1,1
2009513+4,中国中铁：中国中铁09三季报点评-营收再次提速 持续高增长可期2009-10-30 类别：公司研究 机构：国信证券 研究员：邱波 李遵庆,0,1
2009514+4,酒钢宏兴：酒钢宏兴 整体上市尘埃落定2009-10-30 类别：公司研究 机构：广发证券 研究员：冯刚勇 谢军,0,1
2009515+4,中国中冶：中国中冶（601618） 业绩符合预期 境外资源项目值得长期关注-0910302009-10-30 类别：公司研究 机构：天相投顾 研究员：王冬,0,1
2009516+4,山东黄金：山东黄金(600547)成本上升导致3季度盈利低于预期2009-10-30 类别：公司研究 机构：中银国际 研究员：乐宇坤,1,1
2009517+4,铜陵有色：铜陵有色（000630） 3季度业绩略差于预期 盈利与铜价弱相关-0910302009-10-30 类别：公司研究 机构：天相投顾 研究员：--,1,0
2009518+4,中国重汽：中国重汽 09年3季报点评-市场份额受到蚕食2009-10-30 类别：公司研究 机构：国信证券 研究员：李君 左涛,0,0
2009519+4,敦煌种业：敦煌种业（600354） 前三季度差强人意_第四季度有望扭亏_-0910302009-10-30 类别：公司研究 机构：天相投顾 研究员：天相农业食品组,1,0
2009520+4,中国石化：中国石化（600028.SH0386.HK）炼油时滞影响有限 明年受益欧标改制-0910302009-10-30 类别：公司研究 机构：银河证券 研究员：李国洪,0,1
2009521+4,中国银行：中国银行(601988)3季度业绩评论2009-10-30 类别：公司研究 机构：中银国际 研究员：袁琳,0,1
2009522+4,五洲交通：五洲交通（600368） 明后两年业绩仍将增长 建议积极关注公司增发-0910302009-10-30 类别：公司研究 机构：天相投顾 研究员：--,1,1
2009523+4,好当家：好当家 09年三季报点评-刺参消费复苏仍待时日2009-10-30 类别：公司研究 机构：国信证券 研究员：张如,1,0
2009524+4,东软集团：东软集团（600718） 业务平稳增长2009-10-30 类别：公司研究 机构：银河证券 研究员：王家炜,1,0
2009525+4,东软集团：东软集团2009-10-30 类别：公司研究 机构：国元证券 研究员：杨培龙,1,1
2009526+4,中国中铁：中国中铁2009-10-30 类别：公司研究 机构：中银国际 研究员：李攀,0,1
2009527+4,张江高科：张江高科 张江高科 2009 年3 季报点评2009-10-30 类别：公司研究 机构：安信证券 研究员：陶学明 李孔逸,0,1
2009528+4,建发股份：建发股份 全国布局翻番 进入新的成长期2009-10-30 类别：公司研究 机构：东兴证券 研究员：郑闵钢,1,1
2009529+4,工商银行：工商银行 利息收入环比扭负为正 业绩后期趋势良好2009-10-30 类别：公司研究 机构：长城证券 研究员：吴小玲,0,1
2009530+4,东软集团：东软集团（600718） 各项业务稳定发展 投资收益大幅增加2009-10-30 类别：公司研究 机构：天相投顾 研究员：刘晓冬,1,1
2009531+4,双汇发展：双汇发展 前三季度经营业绩稳健增长2009-10-30 类别：公司研究 机构：东北证券 研究员：吴雁,1,1
2009532+4,中国石化：中国石化 09三季报点评-上游改善难以弥补炼油下滑2009-10-30 类别：公司研究 机构：国信证券 研究员：严蓓娜 李晨,0,1
2009533+4,工商银行：工商银行 息差回升 拨备压力不大2009-10-30 类别：公司研究 机构：国元证券 研究员：喻炜,0,1
2009534+4,歌华有线：歌华有线（600037） 业绩增长超预期 增资控股北广传媒数字电视公司2009-10-30 类别：公司研究 机构：东北证券 研究员：耿云,1,1
2009535+4,工商银行：工商银行--3季度业绩点评2009-10-30 类别：公司研究 机构：中银国际 研究员：袁琳,0,1
2009536+4,北京银行：北京银行 信贷提速且质优兼具成长与估值优势2009-10-30 类别：公司研究 机构：长江证券 研究员：刘俊,0,1
2009537+4,电广传媒：电广传媒（000917） 创投业务步入收获期_-0910302009-10-30 类别：公司研究 机构：天相投顾 研究员：天相资讯科技组,0,0
2009538+4,中国石化：中国石化（600028） 利润增速明显放缓_-0910302009-10-30 类别：公司研究 机构：天相投顾 研究员：--,0,1
2009539+4,通威股份：通威股份(600438)点评-0910302009-10-30 类别：公司研究 机构：大通证券 研究员：张喜,1,1
2009540+4,国电南瑞：国电南瑞（600406） 增发项目获得投资者认可 集团的持续支持可以期待-0910302009-10-30 类别：公司研究 机构：银河证券 研究员：沈文春,1,0
2009541+4,厦工股份：厦工股份（600815）装载机有所回暖 挖掘机是未来希望-0911022009-10-30 类别：公司研究 机构：中投证券 研究员：李勤,1,1
2009542+4,方大特钢：长力股份（600507） 第3季度每股收益0.09元 环比出现好转_-0910302009-10-30 类别：公司研究 机构：天相投顾 研究员：--,0,0
2009543+4,拓日新能：拓日新能（002218） 竞争力有待加强 高估值存在压力2009-10-30 类别：公司研究 机构：东北证券 研究员：姚罡,0,0
2009544+4,海油工程：海油工程(600583)09年3季度盈利同比下降27%2009-10-30 类别：公司研究 机构：中银国际 研究员：刘志成,0,1
2009545+4,古井贡酒：古井贡酒（000596） 年份原浆增长良好 毛利率显著提升2009-10-30 类别：公司研究 机构：国都证券 研究员：王明德,1,1
2009546+4,海油工程：海油工程--09 年3 季度海油工程盈利同比下降27%2009-10-30 类别：公司研究 机构：中银国际 研究员：刘志成,0,0
2009547+4,世茂股份：世茂股份 2009年3季报点评2009-10-30 类别：公司研究 机构：安信证券 研究员：陶学明 李孔逸,0,1
2009548+4,南京银行：南京银行（601009） 贷款增势放缓 息差仍有所下降2009-10-30 类别：公司研究 机构：国都证券 研究员：邓婷,0,1
2009549+4,招商轮船：招商轮船（601872）经营下滑尚未改观2009-10-30 类别：公司研究 机构：银河证券 研究员：毛昂,0,0
2009550+4,江淮汽车：江淮汽车--2009年三季报点评2009-10-30 类别：公司研究 机构：国元证券 研究员：闻祥,1,1
2009551+4,冠城大通：冠城大通--业绩将在 2010 年大幅增长2009-10-30 类别：公司研究 机构：西南证券 研究员：肖剑,0,1
2009552+4,华菱钢铁：华菱钢铁 三季报业绩低于预期2009-10-30 类别：公司研究 机构：国都证券 研究员：王招华,1,1
2009553+4,福田汽车：福田汽车（600166） 物流回暖催生公司机会 需防钢铁侵蚀-0910302009-10-30 类别：公司研究 机构：天相投顾 研究员：--,1,1
2009554+4,工商银行：工商银行（601398） 第三季度净息差回升-0910302009-10-30 类别：公司研究 机构：天相投顾 研究员：王逸峰,0,0
2009555+4,生益科技：生益科技（600183） 旺季效应以及下游需求回暖刺激三季度营收大幅反弹_-0910302009-10-30 类别：公司研究 机构：天相投顾 研究员：--,1,1
2009556+4,张江高科：张江高科 2009年3季报点评2009-10-30 类别：公司研究 机构：安信证券 研究员：陶学明 李孔逸,0,1
2009557+4,厦工股份：厦工股份 装载机有所回暖 挖掘机是未来希望2009-10-30 类别：公司研究 机构：中投证券 研究员：李勤,1,1
2009558+4,王府井：王府井（600859） 积极扩张的百货龙头 业绩增长空间大-0910302009-10-30 类别：公司研究 机构：天相投顾 研究员：--,1,1
2009559+4,中国中冶：中国中冶 (601618)城市基础设施综合开发模式有望成为长期亮点2009-10-30 类别：公司研究 机构：国信证券 研究员：邱波 李遵庆,0,0
2009560+4,星期六：星期六 短期担忧费用控制 未来仍看好2009-10-30 类别：公司研究 机构：中信建投 研究员：李俊松,0,1
2009561+4,雅戈尔：雅戈尔--三季度地产业务拉动业绩增长2009-10-30 类别：公司研究 机构：东海证券 研究员：张先萍,0,1
2009562+4,华胜天成：华胜天成-毛利率下降 利润负增长2009-10-30 类别：公司研究 机构：联合证券 研究员：龚浩 张熙,1,1
2009563+4,中国银行：中国银行（601988） 2009+年三季2009-10-30 类别：公司研究 机构：东北证券 研究员：唐亚韫,0,0
2009564+4,浦东金桥：浦东金桥(600639） 持有型物业有较大升值空间_-0910302009-10-30 类别：公司研究 机构：天相投顾 研究员：--,0,1
2009565+4,恒生电子：恒生电子 09三季报点评-软件业务保持增长2009-10-30 类别：公司研究 机构：国信证券 研究员：凌晨,1,0
2009566+4,晨鸣纸业：晨鸣纸业(000488) 产销量下滑 毛利率降低-0910302009-10-30 类别：公司研究 机构：天相投顾 研究员：天相造纸包装组,1,1
2009567+4,许继电气：许继电气（000400）成本控制财务费用减少的内部改善明显 关注长期价值-0910302009-10-30 类别：公司研究 机构：中投证券 研究员：熊琳,1,1
2009568+4,北京银行：北京银行（601169） 2009三季报点评2009-10-30 类别：公司研究 机构：东北证券 研究员：唐亚韫,0,0
2009569+4,潞安环能：潞安环能(601699)第三季度净利润环比增长21%_符合预期2009-10-30 类别：公司研究 机构：中银国际 研究员：唐倩,1,1
2009570+4,歌华有线：歌华有线 增值业务发展有望加强2009-10-30 类别：公司研究 机构：长城证券 研究员：刘月平,1,0
2009571+4,歌华有线：歌华有线--09年前三季度业绩好于预期2009-10-30 类别：公司研究 机构：中银国际 研究员：刘都,1,0
2009572+4,工商银行：工商银行（601398）净息差环比开始提升 拨备成本大幅降低-0911022009-10-30 类别：公司研究 机构：中投证券 研究员：陈水祥,0,1
2009573+4,东方电气：东方电气--订单良好 风机毛利率提高2009-10-30 类别：公司研究 机构：中银国际 研究员：韩玲,1,1
2009574+4,生益科技：生益科技 单季度净利润同比增长2009-10-30 类别：公司研究 机构：中信建投 研究员：刘珂昕 董志强,1,1
2009575+4,平高电气：平高电气2009-10-30 类别：公司研究 机构：中银国际 研究员：韩玲,0,1
2009576+4,悦达投资：悦达投资（600805） 投资收益大幅增加 3 季度净利润同比增长10 倍2009-10-30 类别：公司研究 机构：天相投顾 研究员：--,1,1
2009577+4,中国联通：中国联通 耐心等待催化剂到来2009-10-30 类别：公司研究 机构：光大证券 研究员：周励谦,0,1
2009578+4,铜陵有色：铜陵有色 同比下降预料中 环比改善意义2009-10-30 类别：公司研究 机构：国联证券 研究员：--,1,1
2009579+4,雅戈尔：雅戈尔（600177） 地产业务将是业绩主要推动力2009-10-30 类别：公司研究 机构：天相投顾 研究员：--,0,1
2009580+4,晨鸣纸业：晨鸣纸业2009-10-30 类别：公司研究 机构：国元证券 研究员：何鹏程,1,1
2009581+4,青岛啤酒：青岛啤酒（600600） 前三季度业绩超预期2009-10-30 类别：公司研究 机构：东北证券 研究员：吴雁,1,0
2009582+4,中国石化：中国石化2009-10-30 类别：公司研究 机构：天相投顾 研究员：--,0,1
2009583+4,黄山旅游：黄山旅游 业绩增幅低于预期 房地产和世博将是未来看点2009-10-30 类别：公司研究 机构：山西证券 研究员：加丽果,1,1
2009584+4,怡亚通：怡亚通（002183） 前三季度主业毛利已达去年全年水平2009-10-30 类别：公司研究 机构：天相投顾 研究员：--,1,1
2009585+4,浙江医药：浙江医药（600216） VE 进入长周期 格局稳定保盈利2009-10-30 类别：公司研究 机构：天相投顾 研究员：--,1,1
2009586+4,冠农股份：冠农股份 耐心等待罗钾产能释放2009-10-30 类别：公司研究 机构：江南证券 研究员：卢全治,1,1
2009587+4,航民股份：航民股份（600987）具备高安全边际的行业龙头2009-10-30 类别：公司研究 机构：联合证券 研究员：汪蓉,1,1
2009588+4,友好集团：友好集团（600778） 7.15事件影响业绩 地产业务渐入佳境2009-10-30 类别：公司研究 机构：天相投顾 研究员：--,1,0
2009589+4,南京银行：南京银行（601009） 2009年三季度季报点评2009-10-30 类别：公司研究 机构：东北证券 研究员：唐亚韫,0,0
2009590+4,中储股份：中储股份（600787） 土地转让收入致使盈利环比大增2009-10-30 类别：公司研究 机构：天相投顾 研究员：--,0,1
2009591+4,恒生电子：恒生电子2009-10-30 类别：公司研究 机构：江南证券 研究员：薄小明,1,1
2009592+4,海正药业：海正药业（600267） 收益于达菲中间体收储 三季度业绩大幅增长2009-10-30 类别：公司研究 机构：东北证券 研究员：宋晗,1,1
2009593+4,天通股份：天通股份（600330） 磁性材料市场需求萎缩 全年亏损成定局2009-10-30 类别：公司研究 机构：天相投顾 研究员：--,1,0
2009594+4,铜陵有色：铜陵有色 主业平淡 业绩弹性上涨须看硫酸业务2009-10-30 类别：公司研究 机构：东莞证券 研究员：刘卓平,1,1
2009595+4,青岛啤酒：青岛啤酒 投资价值明显 继续推荐2009-10-30 类别：公司研究 机构：东莞证券 研究员：黄黎明,1,1
2009596+4,御银股份：御银股份（002177） 2009 年三季报点评2009-10-30 类别：公司研究 机构：东北证券 研究员：潘喜峰,0,0
2009597+4,中国石化：中国石化（600028） 利润增速明显放缓2009-10-30 类别：公司研究 机构：天相投顾 研究员：--,0,1
2009598+4,工商银行：工商银行（601398）净息差环比开始提升 拨备成本大幅降低-0911022009-10-30 类别：公司研究 机构：中投证券 研究员：陈水祥,0,1
2009599+4,中国中铁：中国中铁2009-10-30 类别：公司研究 机构：中银国际 研究员：李攀,0,1
2009600+4,中鼎股份：中鼎股份（000887）业绩符合预期 明年看出口业务的增长2009-10-30 类别：公司研究 机构：中投证券 研究员：陈光明,1,1
2009601+4,中国中铁：中国中铁09三季报点评-营收再次提速 持续高增长可期2009-10-30 类别：公司研究 机构：国信证券 研究员：邱波 李遵庆,0,1
2009602+4,酒钢宏兴：酒钢宏兴 整体上市尘埃落定2009-10-30 类别：公司研究 机构：广发证券 研究员：冯刚勇 谢军,0,1
2009603+4,铜陵有色：铜陵有色（000630） 3季度业绩略差于预期 盈利与铜价弱相关-0910302009-10-30 类别：公司研究 机构：天相投顾 研究员：--,1,0
2009604+4,通程控股：通程控股（000419） 收入稳健增长 投资收益拉升利润水平2009-10-30 类别：公司研究 机构：天相投顾 研究员：--,1,0
2009605+4,四川成渝：四川成渝（601107） 前三季度净利润同比增长 32.5%2009-10-30 类别：公司研究 机构：天相投顾 研究员：--,1,0
2009606+4,长江通信：投资收益大幅增长 全年业绩预增100%以上2009-10-30 类别：公司研究 机构：天相投顾 研究员：刘晓冬,1,0
2009607+4,航民股份：航民股份 具备高安全边际的行业龙头2009-10-30 类别：公司研究 机构：联合证券 研究员：汪蓉,1,1
2009608+4,海德股份：海德股份（000567） 地产确认收入减少 前三季营业收入减少2009-10-30 类别：公司研究 机构：天相投顾 研究员：--,1,0
2009609+4,青岛啤酒：青岛啤酒（600600） 三季报超预期 市场占有率提升2009-10-30 类别：公司研究 机构：国都证券 研究员：王明德,1,1
2009610+4,许继电气：许继电气（000400） 整合初见成交 财务费用大降2009-10-30 类别：公司研究 机构：天相投顾 研究员：--,1,0
2009611+4,双汇发展：双汇发展（000895） 前三季度经营业绩稳健增长2009-10-30 类别：公司研究 机构：东北证券 研究员：吴雁,1,1
2009612+4,振华重工：振华重工 未来发展看海工2009-10-31 类别：公司研究 机构：安信证券 研究员：张仲杰,0,1
2009613+4,法拉电子：法拉电子（600563）公司业绩稳步增长-0911022009-10-31 类别：公司研究 机构：中投证券 研究员：王海军,1,1
2009614+4,招商轮船：招商轮船（601872） 三季度油轮业务环比改善2009-10-31 类别：公司研究 机构：天相投顾 研究员：--,0,0
2009615+4,新安股份：新安股份--2009 年三季报点评2009-10-31 类别：公司研究 机构：东北证券 研究员：潘喜峰,0,0
2009616+4,新华锦：新华锦（600735） 主业无亮点 后期或受地产业务推动2009-10-31 类别：公司研究 机构：天相投顾 研究员：--,1,0
2009617+4,歌华有线：歌华有线 政策导致拐点性变化出现 上调评级至增持2009-10-31 类别：公司研究 机构：中信建投 研究员：戴春荣 高辉,1,1
2009618+4,华夏银行：华夏银行 资本与存款不足约束银行发展2009-10-31 类别：公司研究 机构：安信证券 研究员：高源 柳世庆,1,0
2009619+4,赣能股份：赣能股份（000899） 电量恢复与财费降低促盈利提升2009-10-31 类别：公司研究 机构：天相投顾 研究员：--,0,0
2009620+4,歌华有线：歌华有线 重获所得税全免优惠期待主业更好发展2009-10-31 类别：公司研究 机构：中投证券 研究员：冷星星,1,0
2009621+4,贵研铂业：贵研铂业--公司业绩改善明显 三季度业绩超预期2009-10-31 类别：公司研究 机构：东北证券 研究员：诸利达,1,0
2009622+4,长安汽车：长安汽车（000625） 自主品牌渐趋成熟 成长型投资标的2009-10-31 类别：公司研究 机构：天相投顾 研究员：--,0,1
2009623+4,安泰科技：安泰科技 （000969）在等待中爆发 非晶带材百炼成钢2009-10-31 类别：公司研究 机构：联合证券 研究员：唐晓斌,1,1
2009624+4,厦门港务：厦门港务（000905） 最困难时期已过 将受益行业复苏趋势2009-10-31 类别：公司研究 机构：天相投顾 研究员：--,1,0
2009625+4,浙江广厦：浙江广厦（600052） 短期业绩受制于项目开发进度缓慢2009-10-31 类别：公司研究 机构：天相投顾 研究员：石磊,0,0
2009626+4,盐田港：盐田港（000088） 业绩环比增长 短期受益出口复苏2009-10-31 类别：公司研究 机构：天相投顾 研究员：--,0,0
2009627+4,西仪股份：西仪股份（002265） 3 季度毛利率大幅下降10 个百分点2009-10-31 类别：公司研究 机构：天相投顾 研究员：--,1,0
2009628+4,南钢股份：南钢股份 第三季度意料外的盈利能力环比下降2009-10-31 类别：公司研究 机构：安信证券 研究员：赵志成 任琳娜,0,0
2009629+4,华北制药：华北制药（600812） 大幅计提坏账 逐步实现战略转型2009-10-31 类别：公司研究 机构：天相投顾 研究员：--,1,1
2009630+4,中化国际：中化国际（600500） 经营平稳过渡 业绩缓慢回2009-10-31 类别：公司研究 机构：银河证券 研究员：陈雷,1,0
2009631+4,康恩贝：康恩贝（600572） 主营业务明显改善2009-10-31 类别：公司研究 机构：天相投顾 研究员：--,1,1
2009632+4,兴业银行：兴业银行 步入正常增长轨道2009-10-31 类别：公司研究 机构：联合证券 研究员：周俊 吴松凯,0,1
2009633+4,金枫酒业：金枫酒业（600616） 又到酒香蟹肥时-0911022009-10-31 类别：公司研究 机构：天相投顾 研究员：王 爽,0,1
2009634+4,中国联通：中国联通 等待3G用户数据2009-10-31 类别：公司研究 机构：安信证券 研究员：黄文戈,0,1
2009635+4,长安汽车：长安汽车-夯实资产 扩产增量2009-10-31 类别：公司研究 机构：联合证券 研究员：姚宏光,0,1
2009636+4,新钢股份：新钢股份--三季度业绩略低于预期2009-10-31 类别：公司研究 机构：广发证券 研究员：谢军,0,1
2009637+4,华域汽车：华域汽车（600741） 中高端零配件龙头股价值逐渐显现2009-10-31 类别：公司研究 机构：天相投顾 研究员：--,1,1
2009638+4,黄山旅游：黄山旅游 酒店盈利情况低于预期2009-10-31 类别：公司研究 机构：安信证券 研究员：苏慧,1,1
2009639+4,沧州大化：沧州大化（600230） 尿素装置大修 导致三季度小幅亏损2009-10-31 类别：公司研究 机构：天相投顾 研究员：--,0,1
2009640+4,金枫酒业：金枫酒业（600616） 又到酒香蟹肥时2009-10-31 类别：公司研究 机构：天相投顾 研究员：--,0,1
2009641+4,新黄浦：新黄浦(600638） 项目储备有限 业绩可持续性弱2009-10-31 类别：公司研究 机构：天相投顾 研究员：--,0,0
2009642+4,广电网络：广电网络（600831）受卫星电视冲击_业绩低于预期-0911022009-10-31 类别：公司研究 机构：中投证券 研究员：冷星星,1,1
2009643+4,法拉电子：法拉电子 公司业绩稳步增长2009-10-31 类别：公司研究 机构：中投证券 研究员：王海军,1,1
2009644+4,金陵饭店：金陵饭店（601007） 费用控制得力 新项目前景可期2009-10-31 类别：公司研究 机构：天相投顾 研究员：张学鹏,1,1
2009645+4,国电电力：国电电力（600795） 前三季度净利润增长15 倍 资产注入已经启动2009-10-31 类别：公司研究 机构：天相投顾 研究员：王小建,0,1
2009646+4,张江高科：张江高科(600895） 面临多重利好2009-10-31 类别：公司研究 机构：天相投顾 研究员：--,0,1
2009647+4,水井坊：水井坊（600779） 静待高端酒消费回暖_-0911022009-10-31 类别：公司研究 机构：天相投顾 研究员：王爽,1,1
2009648+4,格力电器：格力电器（000651） 单季收入实现正增长 超预期表现得以验证2009-10-31 类别：公司研究 机构：国都证券 研究员：--,0,1
2009649+4,长安汽车：长安汽车 (000625)明年业绩增幅将超过50％2009-10-31 类别：公司研究 机构：国金证券 研究员：李孟滔,0,1
2009650+4,报喜鸟：报喜鸟 厚积薄发 扩张提速2009-10-31 类别：公司研究 机构：中信建投 研究员：李俊松,1,1
2009651+4,哈药股份：哈药股份（600664） 稳步前进 毛利率小幅上升 未来面对新机遇2009-10-31 类别：公司研究 机构：天相投顾 研究员：--,1,1
2009652+4,招商银行：招商银行 王者归来2009-10-31 类别：公司研究 机构：联合证券 研究员：周俊 吴松凯,0,1
2009653+4,博瑞传播：博瑞传播-公司经营稳定_业绩符合预期-0911022009-10-31 类别：公司研究 机构：中投证券 研究员：冷星星,1,1
2009654+4,申能股份：申能股份（600642） 电力业务复苏和投资收益增加导致业绩超预期2009-10-31 类别：公司研究 机构：国都证券 研究员：--,0,1
2009655+4,歌华有线：歌华有线-重获所得税全免优惠_期待主业更好发展2009-10-31 类别：公司研究 机构：中投证券 研究员：冷星星,1,1
2009656+4,华域汽车：华域汽车（600741） 中高端零配件龙头股价值逐渐显现2009-10-31 类别：公司研究 机构：天相投顾 研究员：--,1,1
2009657+4,宏达股份：宏达股份 实际盈利能力持续回升2009-10-31 类别：公司研究 机构：联合证券 研究员：叶洮 王茜,0,1
2009658+4,中信证券：中信证券 盈利增长得益于经纪业务和资管业务的贡献2009-10-31 类别：公司研究 机构：中投证券 研究员：陈剑涛,0,1
2009659+4,南钢股份：南钢股份--业绩低于预期 期待整体上市2009-10-31 类别：公司研究 机构：广发证券 研究员：谢军 冯刚勇 马涛,0,1
2009660+4,申能股份：申能股份（600642） 业绩符合预期 开始向产业链上游布局2009-10-31 类别：公司研究 机构：天相投顾 研究员：--,0,1
2009661+4,孚日股份：孚日股份（002083） 孚日光伏设备已基本就位2009-10-31 类别：公司研究 机构：第一创业 研究员：曾凡,1,1
2009662+4,哈药股份：哈药股份（600664.SH） 三季度收入增速有所加快-0911022009-10-31 类别：公司研究 机构：银河证券 研究员：李鹰鹏,1,1
2009663+4,中国高科：中国高科（600730） 房地产主业战略效应渐现 净利润持续增长2009-10-31 类别：公司研究 机构：天相投顾 研究员：--,1,0
2009664+4,华丽家族：华丽家族(600503） 2010 年净利润将大增2009-10-31 类别：公司研究 机构：天相投顾 研究员：--,0,1
2009665+4,申能股份：申能股份--三季报点评 三季度上海市外购电同比大幅增加挤压公司盈利空间2009-10-31 类别：公司研究 机构：东北证券 研究员：吴江涛,0,1
2009666+4,同济科技：同济科技（600846） 股权转让公司实现较大收益2009-10-31 类别：公司研究 机构：天相投顾 研究员：--,1,0
2009667+4,国电电力：国电电力--2009 年三季报点评 资产注入值得期待2009-10-31 类别：公司研究 机构：东北证券 研究员：吴江涛,0,1
2009668+4,南钢股份：南钢股份 第三季度意料外的盈利能力环比下降2009-10-31 类别：公司研究 机构：安信证券 研究员：赵志成 任琳娜,0,0
2009669+4,上港集团：上港集团 业务量环比逐渐好转 盈利符合预期2009-11-01 类别：公司研究 机构：长江证券 研究员：吴云英,0,0
2009670+4,宝钛股份：宝钛股份 压力与潜力共存2009-11-01 类别：公司研究 机构：联合证券 研究员：吴凯,1,0
2009671+4,仁和药业：仁和药业（000650） 资产整合后继续保持快速发展2009-11-01 类别：公司研究 机构：天相投顾 研究员：--,1,0
2009672+4,中国联通：中国联通 执行效率提升时公司业绩改善的关键2009-11-01 类别：公司研究 机构：国金证券 研究员：陈运红,0,1
2009673+4,浪莎股份：浪莎股份（600137） 收入增速加快盈利能力提升2009-11-01 类别：公司研究 机构：天相投顾 研究员：--,0,0
2009674+4,亚盛集团：亚盛集团（600108） 化工业务拖累公司业绩2009-11-01 类别：公司研究 机构：天相投顾 研究员：--,0,0
2009675+4,厦门钨业：厦门钨业（600549）房地产业务挑大梁2009-11-01 类别：公司研究 机构：联合证券 研究员：叶洮 吴凯,1,1
2009676+4,宝钛股份：宝钛股份 （600456）压力与潜力共存2009-11-01 类别：公司研究 机构：联合证券 研究员：吴凯,1,0
2009677+4,厦门国贸：厦门国贸（600755） 贸易和地产业务回暖 受益海西经济发展2009-11-01 类别：公司研究 机构：天相投顾 研究员：--,1,0
2009678+4,厦门钨业：厦门钨业 房地产业务挑大梁2009-11-01 类别：公司研究 机构：联合证券 研究员：叶洮 吴凯,1,1
2009679+4,法拉电子：法拉电子（600563） 具备业绩支撑的新能源概念股 今年净利润增长无忧2009-11-01 类别：公司研究 机构：天相投顾 研究员：--,1,1
2009680+4,中牧股份：中牧股份 3季报仍保持快速增长2009-11-01 类别：公司研究 机构：国金证券 研究员：黄挺 李龙俊,1,1
2009681+4,招商银行：招商银行 息差反弹 业绩拐点确认2009-11-01 类别：公司研究 机构：国金证券 研究员：陈建刚 李伟奇,0,1
2009682+4,招商银行：招商银行 息差见底反弹 拨备向利润释放2009-11-01 类别：公司研究 机构：安信证券 研究员：高源 柳世庆,0,1
2009683+4,南钢股份：南钢股份（600282） 业绩恢复并非一帆风顺_后期看点还在整体上市_-0911022009-11-01 类别：公司研究 机构：天相投顾 研究员：--,0,0
2009684+4,博瑞传播：博瑞传播 业绩尚可 长期看好2009-11-01 类别：公司研究 机构：中信建投 研究员：戴春荣 高辉,1,1
2009685+4,中国联通：中国联通 3G 市场开始全面启动2009-11-01 类别：公司研究 机构：联合证券 研究员：宋利杰,0,1
2009686+4,海泰发展：海泰发展（600082） 投资收益大幅增加拉升业绩2009-11-01 类别：公司研究 机构：天相投顾 研究员：石磊,0,0
2009687+4,潞安环能：潞安环能 设立多家新公司 率先步入整合第二步2009-11-01 类别：公司研究 机构：大同证券 研究员：高天成,1,0
2009688+4,重庆啤酒：重庆啤酒（600132） 收入增长缓慢 费用侵蚀毛利改善2009-11-01 类别：公司研究 机构：天相投顾 研究员：--,1,0
2009689+4,酒钢宏兴：酒钢宏兴（600307） 盈利能力的进一步提升有待板材供需面好转2009-11-01 类别：公司研究 机构：天相投顾 研究员：--,0,0
2009690+4,潞安环能：潞安环能 设立多家新公司 率先步入整合第2009-11-01 类别：公司研究 机构：大同证券 研究员：高天成,1,0
2009691+4,浪莎股份：浪莎股份（600137） 收入增速加快盈利能力提升2009-11-01 类别：公司研究 机构：天相投顾 研究员：--,0,0
2009692+4,兴业银行：兴业银行 执行力 稳定性难能可贵2009-11-01 类别：公司研究 机构：国金证券 研究员：张英 陈建刚 李伟奇,0,1
2009693+4,厦门国贸：厦门国贸（600755） 贸易和地产业务回暖 受益海西经济发展2009-11-01 类别：公司研究 机构：天相投顾 研究员：--,1,0
2009694+4,厦门钨业：厦门钨业 房地产业务挑大梁2009-11-01 类别：公司研究 机构：联合证券 研究员：叶洮 吴凯,1,1
2009695+4,招商银行：招商银行 息差见底反弹 拨备向利润释放2009-11-01 类别：公司研究 机构：安信证券 研究员：高源 柳世庆,0,1
2009696+4,海泰发展：海泰发展（600082） 投资收益大幅增加拉升业绩2009-11-01 类别：公司研究 机构：天相投顾 研究员：石磊,0,0
2009697+4,中国联通：中国联通 执行效率提升时公司业绩改善的关键2009-11-01 类别：公司研究 机构：国金证券 研究员：陈运红,0,1
2009698+4,亚盛集团：亚盛集团（600108） 化工业务拖累公司业绩2009-11-01 类别：公司研究 机构：天相投顾 研究员：--,0,0
2009699+4,宝钛股份：宝钛股份 压力与潜力共存2009-11-01 类别：公司研究 机构：联合证券 研究员：吴凯,1,0
2009700+4,华夏银行：华夏银行09三季报快评-结构调整释放业绩弹性 充足率压力尚存2009-11-02 类别：公司研究 机构：国信证券 研究员：邱志承 谈煊,1,1
2009701+4,新钢股份：新钢股份（600782） 未来增长主要看1580 薄板2009-11-02 类别：公司研究 机构：天相投顾 研究员：--,0,1
2009702+4,中信证券：中信证券--行业龙头仍面临股权交易的不确定性2009-11-02 类别：公司研究 机构：中银国际 研究员：张戬,0,1
2009703+4,华菱钢铁：华菱钢铁--无远虑 有近忧2009-11-02 类别：公司研究 机构：东北证券 研究员：张能进,1,0
2009704+4,民丰特纸：民丰特纸(600235) 成本费用减少 毛利率提升2009-11-02 类别：公司研究 机构：天相投顾 研究员：--,1,1
2009705+4,赣粤高速：赣粤高速（600269） 调研简报2009-11-02 类别：公司研究 机构：齐鲁证券 研究员：张永攀,0,1
2009706+4,新华传媒：新华传媒（600825） 收入下滑 面临发展的天花板2009-11-02 类别：公司研究 机构：天相投顾 研究员：--,1,0
2009707+4,北辰实业：北辰实业（601588） 财务费用增长拖累业绩2009-11-02 类别：公司研究 机构：天相投顾 研究员：王逸峰 石磊,0,0
2009708+4,兴业银行：兴业银行 息差回升明显 拨备充裕 维持买入2009-11-02 类别：公司研究 机构：光大证券 研究员：沈维,0,1
2009709+4,鹏博士：鹏博士（600804） 前三季度表现逊于预期下调盈利预测2009-11-02 类别：公司研究 机构：天相投顾 研究员：--,0,0
2009710+4,中色股份：中色股份（000758） 期待母公司资产注入2009-11-02 类别：公司研究 机构：上海证券 研究员：李华铮,1,1
2009711+4,铜陵有色：铜陵有色2009-11-02 类别：公司研究 机构：中银国际 研究员：乐宇坤,1,0
2009712+4,精伦电子：精伦电子（600355） 预计09 年仍继续将亏损 警惕被ST 的风险2009-11-02 类别：公司研究 机构：天相投顾 研究员：--,0,0
2009713+4,柳化股份：柳化股份（600423） 调研报告 Shell装置运行稳定 经营业绩逐步好转（增持）2009-11-02 类别：公司研究 机构：国海证券 研究员：--,1,1
2009714+4,招商银行：招商银行 （600036）09年三季度业绩分析师电话会议纪要2009-11-02 类别：公司研究 机构：中投证券 研究员：陈水祥,0,1
2009715+4,申能股份：申能股份09三季报及增发公告点评-单季略有下降 拟增发并涉足煤炭2009-11-02 类别：公司研究 机构：国信证券 研究员：徐颖真,0,0
2009716+4,华夏银行：华夏银行（600015）净息差回升明显 拨备力度有所加大-0911022009-11-02 类别：公司研究 机构：中投证券 研究员：陈水祥,1,1
2009717+4,格力电器：格力电器 盈利能力大幅提升2009-11-02 类别：公司研究 机构：联合证券 研究员：陈伟彦,0,1
2009718+4,复旦复华：复旦复华（600624） 医药业务收入稳定增长2009-11-02 类别：公司研究 机构：天相投顾 研究员：--,0,0
2009719+4,宏达股份：宏达股份（600331） 三季度业绩符合预期2009-11-02 类别：公司研究 机构：天相投顾 研究员：--,0,0
2009720+4,格力电器：格力电器（000651） 市场回暖迹象明显 盈利能力持续增强2009-11-02 类别：公司研究 机构：天相投顾 研究员：--,0,1
2009721+4,北方股份：北方股份（600262） 主业经营未明显转好 政府补贴支撑业绩2009-11-02 类别：公司研究 机构：天相投顾 研究员：--,1,0
2009722+4,华夏银行：华夏银行09三季度业绩交流会纪要-结构调整为先 资产质量持续改善2009-11-02 类别：公司研究 机构：国信证券 研究员：邱志承 谈煊,1,1
2009723+4,信达地产：信达地产（600657） 前三季度可结算项目较少2009-11-02 类别：公司研究 机构：天相投顾 研究员：王逸峰 石磊,0,0
2009724+4,长安汽车：长安汽车 销量快速增长带动业绩提升2009-11-02 类别：公司研究 机构：齐鲁证券 研究员：孙建新,0,0
2009725+4,贵研铂业：贵研铂业（600459） 盈利好于预期 上调为增持评级2009-11-02 类别：公司研究 机构：天相投顾 研究员：天相钢铁有色组,1,1
2009726+4,西藏旅游：西藏旅游 雅鲁藏布江大峡谷景区初见成效2009-11-02 类别：公司研究 机构：金元证券 研究员：魏芳,1,1
2009727+4,新希望：新希望（000876） 利润增长还是依赖民生银行2009-11-02 类别：公司研究 机构：天相投顾 研究员：--,1,1
2009728+4,中泰化学：中泰化学（002092） 2009 年三季报点评2009-11-02 类别：公司研究 机构：东北证券 研究员：邵振华,1,0
2009729+4,厦门钨业：厦门钨业（600549） 金融危机下的资源优势得以体现2009-11-02 类别：公司研究 机构：天相投顾 研究员：--,1,1
2009730+4,中国联通：中国联通09三季报点评-业绩小幅低于预期 3G用户突破100万户2009-11-02 类别：公司研究 机构：国信证券 研究员：--,0,1
2009731+4,新钢股份：新钢股份 产量快速释放 业绩弹性较大2009-11-02 类别：公司研究 机构：长江证券 研究员：刘元瑞,0,0
2009732+4,大商股份：大商股份 改制进入关键时期2009-11-02 类别：公司研究 机构：联合证券 研究员：吴红光 耿邦昊 李珊珊,1,1
2009733+4,华夏银行：华夏银行09三季报快评-结构调整释放业绩弹性 充足率压力尚存2009-11-02 类别：公司研究 机构：国信证券 研究员：邱志承 谈煊,1,1
2009734+4,新钢股份：新钢股份（600782） 未来增长主要看1580 薄板2009-11-02 类别：公司研究 机构：天相投顾 研究员：--,0,1
2009735+4,中信证券：中信证券--行业龙头仍面临股权交易的不确定性2009-11-02 类别：公司研究 机构：中银国际 研究员：张戬,0,1
2009736+4,华菱钢铁：华菱钢铁--无远虑 有近忧2009-11-02 类别：公司研究 机构：东北证券 研究员：张能进,1,0
2009737+4,民丰特纸：民丰特纸(600235) 成本费用减少 毛利率提升2009-11-02 类别：公司研究 机构：天相投顾 研究员：--,1,1
2009738+4,赣粤高速：赣粤高速（600269） 调研简报2009-11-02 类别：公司研究 机构：齐鲁证券 研究员：张永攀,0,1
2009739+4,新华传媒：新华传媒（600825） 收入下滑 面临发展的天花板2009-11-02 类别：公司研究 机构：天相投顾 研究员：--,1,0
2009740+4,北辰实业：北辰实业（601588） 财务费用增长拖累业绩2009-11-02 类别：公司研究 机构：天相投顾 研究员：王逸峰 石磊,0,0
2009741+4,飞乐音响：飞乐音响（600651） 政策扶持 照明业务收入平稳增长2009-11-02 类别：公司研究 机构：天相投顾 研究员：邹高 高震,1,0
2009742+4,通富微电：通富微电 外向业务占比过高或将影响明年业绩增速2009-11-02 类别：公司研究 机构：大同证券 研究员：李志中,1,0
2009743+4,金种子酒：金种子酒（600199） 销售看好 高成长可持续 维持强烈推荐评级2009-11-02 类别：公司研究 机构：东兴证券 研究员：刘家伟,1,1
2009744+4,招商银行：招商银行 息差回升和信用成本下降共促业绩改善2009-11-02 类别：公司研究 机构：光大证券 研究员：沈维,0,1
2009745+4,精伦电子：精伦电子（600355） 预计09 年仍继续将亏损 警惕被ST 的风险2009-11-02 类别：公司研究 机构：天相投顾 研究员：--,0,0
2009746+4,中国联通：中国联通（600050） 竞争加剧费用增加拖累公司业绩表现2009-11-02 类别：公司研究 机构：天相投顾 研究员：--,0,1
2009747+4,招商银行：招商银行09三季报快评-经营保持稳健 业绩将从低谷中回升2009-11-02 类别：公司研究 机构：国信证券 研究员：邱志承 黄飙,0,0
2009748+4,中牧股份：中牧股份09三季报点评-期待新疫苗锦上添花2009-11-02 类别：公司研究 机构：国信证券 研究员：张如,1,0
2009749+4,豫能控股：豫能控股（001896） 资产置换带来新的生机2009-11-02 类别：公司研究 机构：天相投顾 研究员：--,0,0
2009750+4,兴业银行：兴业银行09三季报快评-业绩稳步增长 结构调整提升盈利2009-11-02 类别：公司研究 机构：国信证券 研究员：邱志承 谈煊,0,0
2009751+4,振华重工：振华重工 (600320)09三季报点评-海工业务将迎来爆炸式增长2009-11-02 类别：公司研究 机构：金元证券 研究员：欧文沛 刘伟,0,1
2009752+4,华夏银行：华夏银行（600015） 存贷款规模增长慢于同业2009-11-02 类别：公司研究 机构：天相投顾 研究员：王逸峰 石磊,1,1
2009753+4,酒钢宏兴：酒钢宏兴09三季报点评-股本增加 摊薄业绩2009-11-02 类别：公司研究 机构：国信证券 研究员：郑东 秦波,0,1
2009754+4,新钢股份：新钢股份-极具成长性的钢铁企业2009-11-02 类别：公司研究 机构：中投证券 研究员：初学良,0,1
2009755+4,兴业银行：兴业银行(601166)调研报告2009-11-02 类别：公司研究 机构：东北证券 研究员：唐亚韫,0,0
2009756+4,振华重工：振华重工 海工业务将迎来爆炸式增长2009-11-02 类别：公司研究 机构：金元证券 研究员：欧文沛 刘伟,0,1
2009757+4,中国太保：中国太保 调低目标价2009-11-02 类别：公司研究 机构：光大证券 研究员：肖超虎,1,1
2009758+4,豫光金铅：豫光金铅 短期受益于血铅事件带来的供给吃紧2009-11-02 类别：公司研究 机构：民生证券 研究员：黄玉,1,0
2009759+4,中联重科：中联重科 在并购中成长2009-11-02 类别：公司研究 机构：安信证券 研究员：张仲杰,1,1
2009760+4,新钢股份：新钢股份 极具成长性的钢铁企业2009-11-02 类别：公司研究 机构：中投证券 研究员：初学良,0,1
2009761+4,中色股份：中色股份 期待母公司资产注入2009-11-02 类别：公司研究 机构：上海证券 研究员：李华铮,1,1
2009762+4,南纺股份：南纺股份（600250） 全年将回暖 前三季度毛利率增加2009-11-02 类别：公司研究 机构：天相投顾 研究员：--,1,0
2009763+4,国电电力：国电电力09三季报点评-三季度业绩增幅远大于电量增幅2009-11-02 类别：公司研究 机构：国信证券 研究员：徐颖真,0,0
2009764+4,豫光金铅：豫光金铅 调研报告-短期受益于血铅事件带来的供给吃紧2009-11-02 类别：公司研究 机构：民生证券 研究员：黄玉,1,0
2009765+4,格力电器：格力电器--行业最强盈利能力和最低的估值2009-11-02 类别：公司研究 机构：国金证券 研究员：王晓莹,0,1
2009766+4,中信证券：中信证券(600030)行业龙头仍面临股权交易的不确定性2009-11-02 类别：公司研究 机构：中银国际 研究员：张戬,0,1
2009767+4,浙江东方：浙江东方（600120） 出口退税率上调 提高毛利率水平2009-11-02 类别：公司研究 机构：天相投顾 研究员：张学鹏,1,0
2009768+4,东方雨虹：东方雨虹(002271) 高速成长的防水龙头2009-11-02 类别：公司研究 机构：长江证券 研究员：苏雪晶,1,1
2009769+4,中国宝安：中国宝安（000009） 房地产锂电池生物医药业务全面发展2009-11-02 类别：公司研究 机构：天相投顾 研究员：王逸峰 石磊,1,0
2009770+4,厦门钨业：厦门钨业（600549） 金融危机下的资源优势得以体现-0911022009-11-02 类别：公司研究 机构：天相投顾 研究员：天相钢铁有色组,1,1
2009771+4,中国神华：中国神华（601088） 量价齐升带动利润稳步增长2009-11-02 类别：公司研究 机构：天相投顾 研究员：--,0,1
2009772+4,博瑞传播：博瑞传播09三季报点评-业绩略超预期2009-11-02 类别：公司研究 机构：国信证券 研究员：廖绪发 陈财茂,1,1
2009773+4,鹏博士：鹏博士（600804） 前三季度表现逊于预期下调盈利预测2009-11-02 类别：公司研究 机构：天相投顾 研究员：--,0,0
2009774+4,新华传媒：新华传媒(600825)前三季度净利润同比下滑15.3%2009-11-02 类别：公司研究 机构：中银国际 研究员：刘都,1,0
2009775+4,南钢股份：南钢股份 中厚板表现不佳 成本受制于关联交易2009-11-02 类别：公司研究 机构：长江证券 研究员：刘元瑞,0,0
2009776+4,冠城大通：冠城大通（600067）-3季报盈利高增长 引进名校利润锁定-0911022009-11-02 类别：公司研究 机构：中投证券 研究员：李少明,0,1
2009777+4,兴业银行：兴业银行 息差回升明显 拨备充裕 维持买入2009-11-02 类别：公司研究 机构：光大证券 研究员：沈维,0,1
2009778+4,中色股份：中色股份（000758） 期待母公司资产注入2009-11-02 类别：公司研究 机构：上海证券 研究员：李华铮,1,1
2009779+4,中国太保：中国太保 相对落后的三季报2009-11-02 类别：公司研究 机构：长江证券 研究员：刘俊,1,1
2009780+4,华夏银行：华夏银行（600015）三季度业绩发布会议纪要-0911022009-11-02 类别：公司研究 机构：中投证券 研究员：陈水祥,1,1
2009781+4,博瑞传播：博瑞传播--三季度业绩略低于预期2009-11-02 类别：公司研究 机构：中银国际 研究员：刘都,1,1
2009782+4,广电网络：广电网络09三季报点评-业绩略低于预期 机遇与挑战并存2009-11-02 类别：公司研究 机构：国信证券 研究员：陈财茂 廖绪发,1,0
2009783+4,全柴动力：全柴动力（600218） 归属于母公司所有者净利润同比增长121%2009-11-02 类别：公司研究 机构：天相投顾 研究员：--,1,0
2009784+4,招商银行：招商银行 息差回升和信用成本下降共促业绩改善2009-11-02 类别：公司研究 机构：光大证券 研究员：沈维,0,1
2009785+4,远望谷：远望谷 规范化经营是长远发展的基础2009-11-02 类别：公司研究 机构：上海证券 研究员：徐玉锁 陈光珠,1,0
2009786+4,博瑞传播：博瑞传播（600880） 新媒体业务推动公司快速增长2009-11-02 类别：公司研究 机构：天相投顾 研究员：--,1,1
2009787+4,申能股份：申能股份09三季报及增发公告点评-单季略有下降 拟增发并涉足煤炭2009-11-02 类别：公司研究 机构：国信证券 研究员：徐颖真,0,0
2009788+4,铜陵有色：铜陵有色2009-11-02 类别：公司研究 机构：中银国际 研究员：乐宇坤,1,0
2009789+4,格力电器：格力电器09三季报点评-品牌价值提升持续成长可期2009-11-02 类别：公司研究 机构：国信证券 研究员：王念春,0,1
2009790+4,金枫酒业：金枫酒业（600616） 白酒与葡萄2009-11-02 类别：公司研究 机构：国元证券 研究员：蒙俊江,0,0
2009791+4,格力电器：格力电器 公司业绩虽无增长 净利润大幅增长2009-11-02 类别：公司研究 机构：齐鲁证券 研究员：韩丽萍,0,0
2009792+4,中国太保：中国太保09三季报点评-投资收益同比增长推动净利润小幅增加2009-11-02 类别：公司研究 机构：国信证券 研究员：武建刚,1,1
2009793+4,柳化股份：柳化股份（600423） 调研报告 Shell装置运行稳定 经营业绩逐步好转（增持）2009-11-02 类别：公司研究 机构：国海证券 研究员：--,1,1
2009794+4,招商银行：招商银行 （600036）09年三季度业绩分析师电话会议纪要2009-11-02 类别：公司研究 机构：中投证券 研究员：陈水祥,0,1
2009795+4,华夏银行：华夏银行（600015）净息差回升明显 拨备力度有所加大-0911022009-11-02 类别：公司研究 机构：中投证券 研究员：陈水祥,1,1
2009796+4,中国宝安：中国宝安（000009） 房地产锂电池生物医药业务全面发展2009-11-02 类别：公司研究 机构：天相投顾 研究员：王逸峰 石磊,1,0
2009797+4,豫光金铅：豫光金铅 短期受益于血铅事件带来的供给吃紧2009-11-02 类别：公司研究 机构：民生证券 研究员：黄玉,1,0
2009798+4,厦门钨业：厦门钨业（600549） 金融危机下的资源优势得以体现-0911022009-11-02 类别：公司研究 机构：天相投顾 研究员：天相钢铁有色组,1,1
2009799+4,厦门钨业：厦门钨业（600549） 金融危机下的资源优势得以体现2009-11-02 类别：公司研究 机构：天相投顾 研究员：--,1,1
2009800+4,中信证券：中信证券(600030)行业龙头仍面临股权交易的不确定性2009-11-02 类别：公司研究 机构：中银国际 研究员：张戬,0,1
2009801+4,中国中铁：中国中铁-内生外延双增长 长足发展彰显王者价值2009-11-02 类别：公司研究 机构：国信证券 研究员：邱波 李遵庆,0,1
2009802+4,贵研铂业：贵研铂业（600459） 盈利好于预期 上调为增持评级2009-11-02 类别：公司研究 机构：天相投顾 研究员：天相钢铁有色组,1,1
2009803+4,中联重科：中联重科 在并购中成长2009-11-02 类别：公司研究 机构：安信证券 研究员：张仲杰,1,1
2009804+4,信达地产：信达地产（600657） 前三季度可结算项目较少2009-11-02 类别：公司研究 机构：天相投顾 研究员：王逸峰 石磊,0,0
2009805+4,承德露露：承德露露 承德（杏仁）露（核桃）露2009-11-03 类别：公司研究 机构：安信证券 研究员：李铁 独孤南薰,1,1
2009806+4,金发科技：金发科技2009-11-03 类别：公司研究 机构：凯基证券 研究员：王志霖 张国,1,0
2009807+4,华联股份：华联股份（000882） 转型商业地产 期待华丽业绩2009-11-03 类别：公司研究 机构：天相投顾 研究员：--,0,0
2009808+4,中色股份：中色股份 整体上市是公司最大的看点2009-11-03 类别：公司研究 机构：第一创业 研究员：巨国贤,1,0
2009809+4,红宝丽：红宝丽（002165） 专注节能市场开拓2009-11-03 类别：公司研究 机构：安信证券 研究员：谭志勇 刘军,0,1
2009810+4,冠农股份：冠农股份 罗钾逐步达产钾肥市场底部复苏是公司业绩回升的关键2009-11-03 类别：公司研究 机构：金元证券 研究员：王昕 杨杰,1,1
2009811+4,上港集团：上港集团（600018）2009年三季报点评2009-11-03 类别：公司研究 机构：东北证券 研究员：许祥,0,0
2009812+4,宁波银行：宁波银行（002142） 2009 年第三季度季报点评2009-11-03 类别：公司研究 机构：东北证券 研究员：唐亚韫,0,0
2009813+4,平高电气：平高电气 抓住历史赋予的机遇--平高电气投资价值分析报告2009-11-03 类别：公司研究 机构：国金证券 研究员：刘江啸,0,1
2009814+4,东方银星：东方银星（600753） 静待重大资产重组2009-11-03 类别：公司研究 机构：天相投顾 研究员：--,0,0
2009815+4,敦煌种业：敦煌种业2009-11-03 类别：公司研究 机构：大通证券 研究员：张喜,1,1
2009816+4,沙河股份：沙河股份 风物长宜放眼量2009-11-03 类别：公司研究 机构：中投证券 研究员：李少明,0,1
2009817+4,上实发展：上实发展 增发如期而至—上实发展非公开增发点评2009-11-03 类别：公司研究 机构：长江证券 研究员：苏雪晶,0,0
2009818+4,承德露露：承德露露（000848） 承德（杏仁）露（核桃）露2009-11-03 类别：公司研究 机构：安信证券 研究员：独孤南薰 李铁,1,1
2009819+4,大立科技：大立科技 期待红外焦平面阵列研发项目的突破2009-11-03 类别：公司研究 机构：长城证券 研究员：岳雄伟,1,0
2009820+4,新乡化纤：新乡化纤（000949） 调研简报2009-11-03 类别：公司研究 机构：东北证券 研究员：邵振华,1,0
2009821+4,红宝丽：红宝丽 红宝丽 专注节能市场开拓2009-11-03 类别：公司研究 机构：安信证券 研究员：谭志勇,0,1
2009822+4,国脉科技：国脉科技 公司未来业务仍将保持较快增长2009-11-03 类别：公司研究 机构：广发证券 研究员：惠毓伦 亓辰,1,1
2009823+4,宁波银行：宁波银行2009-11-03 类别：公司研究 机构：东北证券 研究员：唐亚韫,0,0
2009824+4,金融街：金融街 公司2010年可结算资源丰富2009-11-03 类别：公司研究 机构：齐鲁证券 研究员：涂力磊,0,1
2009825+4,南山铝业：特点鲜明的铝业集团――南山铝业调研简报2009-11-03 类别：公司研究 机构：渤海证券 研究员：靳海明,0,1
2009826+4,豫光金铅：豫光金铅（600531） 行业复苏趋势不改2009-11-04 类别：公司研究 机构：东北证券 研究员：诸利达,1,0
2009827+4,宝钛股份：宝钛股份（600456） 最坏的时期恐已过去2009-11-04 类别：公司研究 机构：天相投顾 研究员：--,1,1
2009828+4,皖维高新：皖维高新 PVA 布局从新工艺开始2009-11-04 类别：公司研究 机构：国元证券 研究员：周建 周海鸥,0,1
2009829+4,联化科技：联化科技（002250）2009-11-04 类别：公司研究 机构：长江证券 研究员：李兴,1,1
2009830+4,柳化股份：柳化股份 Shell装臵运行稳定 经营业绩逐步好转2009-11-04 类别：公司研究 机构：国海证券 研究员：--,1,1
2009831+4,上海电力：上海电力（600021）2009-11-04 类别：公司研究 机构：国金证券 研究员：赵乾明 张帅,0,1
2009832+4,上港集团：上港集团 吐量降幅持续收窄 三季度净利润环比增4%2009-11-04 类别：公司研究 机构：凯基证券 研究员：王志霖 翁佳梁,0,0
2009833+4,滨江集团：滨江集团（002244） 不断成长 在新城市拓展新项目2009-11-04 类别：公司研究 机构：齐鲁证券 研究员：涂力磊,0,0
2009834+4,金钼股份：金钼股份 具备资源优势的钼行业龙头2009-11-04 类别：公司研究 机构：山西证券 研究员：--,1,1
2009835+4,许继电气：许继电器 —国网入主 打造输配电设备航母2009-11-04 类别：公司研究 机构：国元证券 研究员：何鹏程 蒙俊江,1,1
2009836+4,欧亚集团：欧亚集团2009-11-05 类别：公司研究 机构：方正证券 研究员：陈翀,1,1
2009837+4,欧亚集团：欧亚集团（600697） 积跬步以至千里2009-11-05 类别：公司研究 机构：方正证券 研究员：陈翀,1,1
2009838+4,平高电气：平高电气（600312） 增发（公司动态） 扩大产能应对特高压盛宴2009-11-05 类别：公司研究 机构：上海证券 研究员：牛品,0,1
2009839+4,康缘药业：康缘药业（600557） 中药也疯狂2009-11-05 类别：公司研究 机构：中信建投 研究员：罗樨,1,1
2009840+4,时代新材：时代新材 出口市场前景看好 风机叶片再超预期2009-11-05 类别：公司研究 机构：长江证券 研究员：李兴,1,1
2009841+4,双汇发展：双汇发展 成本压力处于可控范围2009-11-05 类别：公司研究 机构：凯基证券 研究员：王志霖 李玥,1,0
2009842+4,烽火通信：烽火通信2009-11-05 类别：公司研究 机构：大通证券 研究员：程思琦,1,1
2009843+4,时代新材：时代新材（600458） 出口市场前景看好 风机叶片再超预期2009-11-05 类别：公司研究 机构：长江证券 研究员：李兴,1,1
2009844+4,招商银行：招商银行（600036） 调研纪要 战略转型领头羊2009-11-05 类别：公司研究 机构：日信证券 研究员：杜鹏,0,0
2009845+4,智光电气：智光电气 中长线合理布局 未来增长可期2009-11-05 类别：公司研究 机构：光大证券 研究员：袁瑶 王海生,1,0
2009846+4,莱宝高科：莱宝科技 空盒 触摸屏将大幅提升公司明年业绩2009-11-05 类别：公司研究 机构：广发证券 研究员：惠毓伦 徐博卷,1,1
2009847+4,双汇发展：双汇发展（000895） 成本压力处于可控范围2009-11-05 类别：公司研究 机构：凯基证券 研究员：王志霖 李玥,1,0
2009848+4,华夏银行：华夏银行 3季报业绩发布会纪要2009-11-05 类别：公司研究 机构：广发证券 研究员：余晓宜 沐华,1,1
2009849+4,横店东磁：横店东磁（002056） 稳健经营主业的基础上多点开花2009-11-05 类别：公司研究 机构：长城证券 研究员：岳雄伟,1,0
2009850+4,科陆电子：科陆电子 受益智能电网建设实质化 公司有望加速2009-11-05 类别：公司研究 机构：广发证券 研究员：谢军 张小东,1,1
2009851+4,安泰科技：安泰科技 调研简报-节能及新能源产业链顶端的明珠2009-11-05 类别：公司研究 机构：光大证券 研究员：王海生,1,1
2009852+4,大秦铁路：大秦铁路（601006） 铁路运输 资产注入预期明确 首选2009-11-05 类别：公司研究 机构：安信证券 研究员：彭倩,0,1
2009853+4,水晶光电：水晶光电（002273） 创新引领公司阔步前进2009-11-06 类别：公司研究 机构：长城证券 研究员：岳雄伟,1,0
2009854+4,中金黄金：中金黄金（600489） 调研简报及三季报点评 优质资产将持续注入 看好未来业绩增长2009-11-06 类别：公司研究 机构：上海证券 研究员：李华铮,1,1
2009855+4,中核科技：中核科技 研究简报2009-11-06 类别：公司研究 机构：光大证券 研究员：袁瑶,1,0
2009856+4,中色股份：中色股份（000758） 2010年业绩或将出现大幅增长2009-11-06 类别：公司研究 机构：宏源证券 研究员：曹腾、闵丹,1,1
2009857+4,思源电气：思源电气 调研报告-主要产品仍有望维持高增长 分业务估值分析2009-11-06 类别：公司研究 机构：山西证券 研究员：--,0,1
2009858+4,思源电气：思源电气（002018） 主要产品仍有望维持高增长 分业务估值分析2009-11-06 类别：公司研究 机构：山西证券 研究员：--,0,1
2009859+4,上海医药：上海医药2009-11-06 类别：公司研究 机构：中银国际 研究员：张寅,1,0
2009860+4,云南白药：云南白药 产品提价 进入基本药物目录 公司业绩有望加速增长2009-11-06 类别：公司研究 机构：广发证券 研究员：葛峥,1,1
2009861+4,中金黄金：中金黄金（600489） 调研简报及三季报点评 优质资产将持续注入 看好未来业绩增长2009-11-06 类别：公司研究 机构：上海证券 研究员：李华铮,1,1
2009862+4,报喜鸟：报喜鸟（002154） 潜心精耕细作 期待快速成长2009-11-06 类别：公司研究 机构：齐鲁证券 研究员：徐晓艳,1,0
2009863+4,启明信息：启明信息 从产业的角度全面认识公司价值2009-11-07 类别：公司研究 机构：江南证券 研究员：高俊芳,1,0
2009864+4,金晶科技：金晶科技（600586） 景气迅速提高 明后年高增长成定局2009-11-08 类别：公司研究 机构：国金证券 研究员：张帅 贺国文 刘波,0,1
2009865+4,天保基建：天保基建（000965） 拥有优质储备 加快开发进度2009-11-08 类别：公司研究 机构：安信证券 研究员：徐胜利,0,1
2009866+4,冠城大通：冠城大通（600067） 售价上涨续集之从两万七到三万--公司点评2009-11-08 类别：公司研究 机构：国金证券 研究员：曹旭特,0,1
2009867+4,金晶科技：金晶科技（600586）2009-11-08 类别：公司研究 机构：国金证券 研究员：张帅,0,0
2009868+4,南京医药：南京医药 受益于医药流通行业集中度的提升2009-11-08 类别：公司研究 机构：广发证券 研究员：葛峥 李平祝,1,0
2009869+4,中色股份：中色股份（000758）有色金属工程承包装备制造齐头并进 未来发展有保障2009-11-08 类别：公司研究 机构：中投证券 研究员：张 镭 杨国萍,1,1
2009870+4,同方股份：同方股份（600100） 公司研究-091108 外部环境好转 资产有升值潜力（增持）2009-11-08 类别：公司研究 机构：联合证券 研究员：龚浩,1,1
2009871+4,天保基建：天保基建（000965） 拥有优质储备 加快开发进度2009-11-08 类别：公司研究 机构：安信证券 研究员：徐胜利,0,1
2009872+4,中华企业：中华企业（600675） 质地优良 未来可期2009-11-09 类别：公司研究 机构：爱建证券 研究员：左红英,0,1
2009873+4,中煤能源：中煤能源（601898） 调研报告 增长稳定 期待资产注入2009-11-09 类别：公司研究 机构：长江证券 研究员：虞亚新,0,1
2009874+4,佛山照明：佛山照明（000541） 锐意创新 再展宏图2009-11-09 类别：公司研究 机构：第一创业 研究员：曾凡,1,0
2009875+4,东阿阿胶：东阿阿胶（000423） 调研简报2009-11-09 类别：公司研究 机构：齐鲁证券 研究员：吕国启 许均华,1,1
2009876+4,天康生物：天康生物（002100）三大业务 各有亮点2009-11-09 类别：公司研究 机构：天相投顾 研究员：--,1,1
2009877+4,新华制药：新华制药（000756） 受益化工成本下降 全年业绩超预期增长2009-11-09 类别：公司研究 机构：齐鲁证券 研究员：吕国启 许均华,0,0
2009878+4,中煤能源：中煤能源（601898） 增长稳定 期待资产注入2009-11-09 类别：公司研究 机构：长江证券 研究员：虞亚新,0,1
2009879+4,鲁抗医药：鲁抗医药（600789） 内部整合完成 二次起跑整装待发2009-11-09 类别：公司研究 机构：齐鲁证券 研究员：吕国启 许均华,1,0
2009880+4,天康生物：天康生物（002100） 三大业务 各有亮点2009-11-09 类别：公司研究 机构：天相投顾 研究员：--,1,1
2009881+4,中煤能源：中煤能源（601898） 增长稳定 期待资产注入2009-11-09 类别：公司研究 机构：长江证券 研究员：虞亚新,0,1
2009882+4,紫金矿业：紫金矿业（601899） 未来业绩稳定增长2009-11-09 类别：公司研究 机构：长江证券 研究员：葛军,0,1
2009883+4,东阿阿胶：东阿阿胶（000423） 调研简报2009-11-09 类别：公司研究 机构：齐鲁证券 研究员：吕国启 许均华,1,1
2009884+4,佛山照明：佛山照明（000541） 锐意创新 再展宏图2009-11-09 类别：公司研究 机构：第一创业 研究员：曾凡,1,0
2009885+4,中华企业：中华企业（600675） 质地优良 未来可期2009-11-09 类别：公司研究 机构：爱建证券 研究员：左红英,0,1
2009886+4,长安汽车：长安汽车（000625） 新动力 新长安--与中航汽车合并点评2009-11-10 类别：公司研究 机构：国金证券 研究员：李孟滔,0,1
2009887+4,厦工股份：厦工股份 加快内部整合 期待明年高增长2009-11-10 类别：公司研究 机构：银河证券 研究员：鞠厚林,1,1
2009888+4,厦工股份：厦工股份（600815） 加快内部整合　期待明年高增长2009-11-10 类别：公司研究 机构：银河证券 研究员：鞠厚林,1,1
2009889+4,兰花科创：兰花科创 煤炭化工各半壁江山 业绩互补齐抵抗风险2009-11-10 类别：公司研究 机构：大通证券 研究员：高天成,0,0
2009890+4,中航重机：中航重机2009-11-10 类别：公司研究 机构：中银国际 研究员：许民乐,1,0
2009891+4,益佰制药：益佰制药2009-11-10 类别：公司研究 机构：中银国际 研究员：贺长明,1,0
2009892+4,祁连山：祁连山 祁连山将掀起甘青水泥市场整合大浪2009-11-10 类别：公司研究 机构：渤海证券 研究员：唐笑,1,1
2009893+4,步步高：步步高（002251） 挫折下梦想犹在 变脸以寻求突破2009-11-10 类别：公司研究 机构：安信证券 研究员：吴美萍,0,0
2009894+4,宁波华翔：宁波华翔 国际并购蛇吞象还是大跃进2009-11-10 类别：公司研究 机构：东兴证券 研究员：于特,1,1
2009895+4,东风汽车：东风汽车2009-11-10 类别：公司研究 机构：中银国际 研究员：王玉笙,0,0
2009896+4,柳化股份：柳化股份 煤化工柳暗花明 柳化化蛹为蝶2009-11-10 类别：公司研究 机构：湘财证券 研究员：张啸伟 高为,1,1
2009897+4,祁连山：祁连山（600720） 将掀起甘青水泥市场整合大浪2009-11-10 类别：公司研究 机构：渤海证券 研究员：唐笑,1,1
2009898+4,中金黄金：中金黄金（600489） 资产注入保障未来业绩增长2009-11-10 类别：公司研究 机构：国元证券 研究员：姚春雷,1,1
2009899+4,中国建筑：中国建筑 房地产销售与建工业务继续高增长 给予买入评级2009-11-10 类别：公司研究 机构：第一创业 研究员：李志锐,0,1
2009900+4,宁波华翔：宁波华翔（002048） 国际并购——蛇吞象还是大跃进2009-11-10 类别：公司研究 机构：东兴证券 研究员：于特,1,1
2009901+4,中联重科：中联重科（000157） 业绩高速增长 估值具有优势2009-11-10 类别：公司研究 机构：国元证券 研究员：张 微 姚春雷,1,1
2009902+4,中国建筑：中国建筑（601668） 房地产销售与建工业务继续高增长 给予买入评级2009-11-10 类别：公司研究 机构：第一创业 研究员：李志锐,0,1
2009903+4,华胜天成：华胜天成 外延式扩张+服务化战略--华胜天成公司研究报告2009-11-10 类别：公司研究 机构：国金证券 研究员：陈运红,1,1
2009904+4,中金黄金：中金黄金（600489） 公司调研简报 —资产注入保障未来业绩增长2009-11-10 类别：公司研究 机构：国元证券 研究员：姚春雷,1,1
2009905+4,中核科技：中核科技（000777） 厚积薄发 借核生辉――价值投资报告2009-11-10 类别：公司研究 机构：渤海证券 研究员：李新渠,1,1
2009906+4,民生银行：民生银行 UCBH 损失不影响民生H 股发行 喜大于忧2009-11-10 类别：公司研究 机构：湘财证券 研究员：杨森 张倩 陈钢,0,1
2009907+4,福建水泥：福建水泥 成本改善 明年有望实现扭亏2009-11-11 类别：公司研究 机构：安信证券 研究员：石磊 王天睿,0,0
2009908+4,万东医疗：万东医疗 受益于基层医疗需求释放资产整合预期较明确2009-11-11 类别：公司研究 机构：中投证券 研究员：李昱,1,1
2009909+4,冠城大通：冠城大通 整售实现突破 业绩板上钉钉2009-11-11 类别：公司研究 机构：国金证券 研究员：曹旭特,0,1
2009910+4,杭州解百：杭州解百 调研简报 2009-2010年是公司业务扩张期2009-11-11 类别：公司研究 机构：长江证券 研究员：邵稳重,1,0
2009911+4,长安汽车：长安汽车（000625）2009-11-11 类别：公司研究 机构：世纪证券 研究员：吕丽华 冉飞,0,1
2009912+4,獐子岛：獐子岛（002069） 经营现转机 扇贝是亮点2009-11-11 类别：公司研究 机构：银河证券 研究员：孙通通,1,1
2009913+4,生益科技：生益科技（600183）步入新一轮增长期2009-11-11 类别：公司研究 机构：国海证券 研究员：蒋传宁,1,1
2009914+4,益佰制药：益佰制药 增长明确 稳步迈入一线股行列2009-11-11 类别：公司研究 机构：东海证券 研究员：袁舰波,1,1
2009915+4,浙江龙盛：浙江龙盛（600352）受益于行业回暖 天气变冷2009-11-11 类别：公司研究 机构：银河证券 研究员：李国洪,1,1
2009916+4,美邦服饰：美邦服饰（002269） 关于募集资金投资项目进展情况的公告点评2009-11-11 类别：公司研究 机构：国元证券 研究员：施雪清,1,1
2009917+4,威孚高科：威孚高科 长期受益于排放标准提升 公司进入转折点2009-11-11 类别：公司研究 机构：国都证券 研究员：徐才华,1,1
2009918+4,宝钢股份：宝钢股份（600019） 宝钢 (.SS) 12 月份价格环比持平 好于预期 仍位于强力买入名单2009-11-11 类别：公司研究 机构：高华证券 研究员：洪进扬,0,1
2009919+4,福建水泥：福建水泥 成本改善 明年有望实现扭亏2009-11-11 类别：公司研究 机构：安信证券 研究员：石磊 王天睿,0,0
2009920+4,冠城大通：冠城大通 整售实现突破 业绩板上钉钉2009-11-11 类别：公司研究 机构：国金证券 研究员：曹旭特,0,1
2009921+4,福建水泥：福建水泥 成本改善 明年有望实现扭亏2009-11-11 类别：公司研究 机构：安信证券 研究员：石磊 王天睿,0,0
2009922+4,美邦服饰：美邦服饰（002269） 关于募集资金投资项目进展情况的公告点评2009-11-11 类别：公司研究 机构：国元证券 研究员：施雪清,1,1
2009923+4,威孚高科：威孚高科 长期受益于排放标准提升 公司进入转折点2009-11-11 类别：公司研究 机构：国都证券 研究员：徐才华,1,1
2009924+4,大秦铁路：大秦铁路（601006） 太原局整体上市增厚2010年业绩15% 未来关注运价调整2009-11-12 类别：公司研究 机构：东兴证券 研究员：周 宁,0,1
2009925+4,大秦铁路：大秦铁路（601006） 资产注入计划最终揭晓2009-11-12 类别：公司研究 机构：瑞银证券 研究员：--,0,1
2009926+4,辉煌科技：辉煌科技（002296） 受益铁路建设 步入加速成长2009-11-12 类别：公司研究 机构：长江证券 研究员：马先文 陈志坚,1,1
2009927+4,华北制药：华北制药（600812） 点评 董事长三步走战略点评2009-11-12 类别：公司研究 机构：国元证券 研究员：刘斌,1,1
2009928+4,大秦铁路：大秦铁路 网尽煤运战略通道估值中枢显著上移2009-11-12 类别：公司研究 机构：中投证券 研究员：李超,0,1
2009929+4,国电电力：国电电力（600795） 优质资产注入 增厚公司业绩2009-11-12 类别：公司研究 机构：光大证券 研究员：崔玉芹,0,1
2009930+4,中色股份：中色股份（000758） 收购赤峰锌冶炼一期点评2009-11-12 类别：公司研究 机构：国元证券 研究员：姚春雷,1,1
2009931+4,芭田股份：芭田股份（002170） 调研报告—研发+营销 公司成长的动力2009-11-12 类别：公司研究 机构：江南证券 研究员：卢全治,1,0
2009932+4,大秦铁路：大秦铁路（601006） 公开增发预案点评2009-11-12 类别：公司研究 机构：东北证券 研究员：许祥,0,0
2009933+4,中色股份：中色股份 收购赤峰锌冶炼一期点评2009-11-12 类别：公司研究 机构：国元证券 研究员：姚春雷,1,1
2009934+4,大秦铁路：大秦铁路 公开增发预案点评2009-11-12 类别：公司研究 机构：东北证券 研究员：许祥,0,0
2009935+4,许继电气：许继电气（000400） 拟注入资产完成评估 增发数量比预案减少2009-11-12 类别：公司研究 机构：安信证券 研究员：黄守宏,1,1
2009936+4,中国平安：中国平安（601318） 2009年10月保费收入点评2009-11-12 类别：公司研究 机构：齐鲁证券 研究员：程彬彬,0,1
2009937+4,大秦铁路：大秦铁路（601006） 整体上市将成现实 增厚2010 年EPS 超过10%2009-11-12 类别：公司研究 机构：国都证券 研究员：--,0,1
2009938+4,红宝丽：红宝丽（002165） 新增产能巩固组合聚醚异丙醇胺双料冠军地位2009-11-12 类别：公司研究 机构：天相投顾 研究员：苏文杰,1,1
2009939+4,安琪酵母：安琪酵母 迈出国门第一步 国内酵母产业的里程碑2009-11-12 类别：公司研究 机构：长江证券 研究员：邵稳重,1,1
2009940+4,大秦铁路：大秦铁路（601006） 太原局整体上市增厚2010年业绩15% 未来关注运价调整2009-11-12 类别：公司研究 机构：东兴证券 研究员：周 宁,0,1
2009941+4,中核科技：中核科技 厚积薄发 借核生辉2009-11-12 类别：公司研究 机构：渤海证券 研究员：李新渠,1,1
2009942+4,许继电气：许继电气 拟注入资产完成评估 增发数量比预案减少2009-11-12 类别：公司研究 机构：安信证券 研究员：黄守宏,1,1
2009943+4,国电电力：国电电力（600795） 江苏省优质资产注入 规模和业绩实现双升2009-11-12 类别：公司研究 机构：长江证券 研究员：虞亚新,0,1
2009944+4,芭田股份：芭田股份 研发+营销公司成长的动力2009-11-12 类别：公司研究 机构：江南证券 研究员：卢全治,1,0
2009945+4,柳工：柳工（000528） 投资损失重复计算 3季度业绩调增6分2009-11-12 类别：公司研究 机构：国金证券 研究员：董亚光,1,1
2009946+4,安琪酵母： 安琪酵母（600298）2009-11-12 类别：公司研究 机构：长江证券 研究员：邵稳重,1,1
2009947+4,大秦铁路：大秦铁路（601006） 资产注入与业绩增厚基本符合预期2009-11-12 类别：公司研究 机构：长城证券 研究员：宋伟亚,0,0
2009948+4,大秦铁路：大秦铁路（601006）即将注入资产变身太原铁路2009-11-12 类别：公司研究 机构：银河证券 研究员：毛昂,0,1
2009949+4,报喜鸟：报喜鸟 品牌效应提升盈利能力2009-11-12 类别：公司研究 机构：国都证券 研究员：夏茂胜,1,1
2009950+4,恒生电子：恒生电子 看好公司下一个周期的成长2009-11-12 类别：公司研究 机构：国信证券 研究员：凌晨,1,0
2009951+4,大秦铁路：大秦铁路（601006） 我们站在铁路纪元公元元年2009-11-12 类别：公司研究 机构：东海证券 研究员：徐捷 章琪,0,1
2009952+4,合肥百货：合肥百货（000417） 积极扩张 区域龙头地位进一步巩固2009-11-12 类别：公司研究 机构：天相投顾 研究员：赵宪栋,1,1
2009953+4,大秦铁路：大秦铁路（601006） 资产注入计划最终揭晓2009-11-12 类别：公司研究 机构：瑞银证券 研究员：卫强,0,1
2009954+4,中国平安：中国平安2009-11-12 类别：公司研究 机构：齐鲁证券 研究员：程彬彬,0,1
2009955+4,工商银行：工商银行 优势突出 劣势明显 志在长远2009-11-12 类别：公司研究 机构：国元证券 研究员：喻炜,0,1
2009956+4,大秦铁路：方案优厚 业绩增厚明显－－大秦铁路增发点评2009-11-12 类别：公司研究 机构：渤海证券 研究员：齐艳莉,0,1
2009957+4,拓维信息：拓维信息2009-11-12 类别：公司研究 机构：大通证券 研究员：程思琦,1,1
2009958+4,辉煌科技：辉煌科技 受益铁路建设 步入加速成长2009-11-12 类别：公司研究 机构：长江证券 研究员：马先文 陈志坚,1,1
2009959+4,山西焦化：山西焦化（600740） 调研简报 受制行业颓势 短期仍不见起色2009-11-12 类别：公司研究 机构：东兴证券 研究员：谭可,0,0
2009960+4,上实发展：上实发展（600748） 非公开发行股份获上海国资委通过2009-11-12 类别：公司研究 机构：天相投顾 研究员：--,0,1
2009961+4,报喜鸟：报喜鸟（002154） 品牌效应提升盈利能力2009-11-12 类别：公司研究 机构：国都证券 研究员：夏茂胜,1,1
2009962+4,益佰制药：益佰制药（600594）2009-11-12 类别：公司研究 机构：东海证券 研究员：袁舰波,1,1
2009963+4,獐子岛：獐子岛 经营现转机 扇贝是亮点（更新）2009-11-12 类别：公司研究 机构：银河证券 研究员：孙通通,1,1
2009964+4,国电电力：国电电力（600795） 资产注入有效提升业绩2009-11-13 类别：公司研究 机构：安信证券 研究员：--,0,1
2009965+4,大秦铁路：大秦铁路（601006） 收购资产点评 资产注入增厚业绩20%2009-11-13 类别：公司研究 机构：中原证券 研究员：高世梁,0,1
2009966+4,登海种业：登海种业（002041） 调研简报2009-11-13 类别：公司研究 机构：齐鲁证券 研究员：傅苏,1,0
2009967+4,国电电力：国电电力 将再度兑现资产注入承诺2009-11-13 类别：公司研究 机构：国信证券 研究员：徐颖真,0,0
2009968+4,国电电力：国电电力（600795） —资产注入增厚业绩明显2009-11-13 类别：公司研究 机构：山西证券 研究员：--,0,1
2009969+4,四川长虹：四川长虹（600839） 投资价值再解析—产业链整合资金瓶颈消除及其他因素带来价值重估2009-11-13 类别：公司研究 机构：江南证券 研究员：薄小明 高俊芳,0,0
2009970+4,大秦铁路：大秦铁路（601006） 破冰 铁路市场化进程不可逆转2009-11-13 类别：公司研究 机构：国信证券 研究员：孙菲菲,0,0
2009971+4,国电电力：国电电力（600795） 收购资产将大幅增厚公司每股收益2009-11-13 类别：公司研究 机构：天相投顾 研究员：--,0,1
2009972+4,恒瑞医药：创新药大阅兵 迎接估值溢价--恒瑞医药公司研究报告2009-11-13 类别：公司研究 机构：国金证券 研究员：李敬雷 黄挺,1,1
2009973+4,五洲交通：五洲交通（600368） —金桥农批市场一期火暴销售锁定2010年盈利2009-11-13 类别：公司研究 机构：金元证券 研究员：魏芳,1,1
2009974+4,鞍钢股份：鞍钢股份（000898） 碳钢成本有优势 弹性来自不锈钢2009-11-13 类别：公司研究 机构：长江证券 研究员：刘元瑞,0,0
2009975+4,国电电力：国电电力（600795） 提升盈利为明年行权助力2009-11-13 类别：公司研究 机构：长城证券 研究员：张 霖,0,1
2009976+4,国电电力：国电电力（600795） 不止是规模增长 更是盈利能力提升2009-11-13 类别：公司研究 机构：联合证券 研究员：王爽 周衍长,0,1
2009977+4,厦门钨业：公司研究-厦门钨业（600549） 调研简报 主业缓慢回升 稀土业务值得期待2009-11-13 类别：公司研究 机构：长江证券 研究员：葛军,1,0
2009978+4,国电电力：国电电力（600795） 将再度兑现资产注入承诺2009-11-13 类别：公司研究 机构：国信证券 研究员：徐颖真,0,0
2009979+4,厦门钨业：厦门钨业 主业缓慢回升 稀土业务值得期待2009-11-13 类别：公司研究 机构：长江证券 研究员：葛军,1,0
2009980+4,中国太保：中国太保（601601） 09年10月保费收入点评2009-11-14 类别：公司研究 机构：齐鲁证券 研究员：程彬彬,0,1
2009981+4,得润电子：得润电子（002055） 经营环境持续改善 正步入上升通道2009-11-15 类别：公司研究 机构：第一创业 研究员：龚鑫,1,0
2009982+4,佛山照明：佛山照明 布局新能源提升估值2009-11-15 类别：公司研究 机构：安信证券 研究员：侯利 谭志勇,1,1
2009983+4,华帝股份：华帝股份（002035） 向上拐点确立 价值明显低估－－调研报告2009-11-16 类别：公司研究 机构：长城证券 研究员：何奇峰,1,1
2009984+4,东安动力：东安动力（600178） 业绩估值趋势 一样也不少（增持）2009-11-16 类别：公司研究 机构：联合证券 研究员：姚宏光,0,1
2009985+4,美邦服饰：美邦服饰（002269） 2009年跟踪调研快报——2009年的短期波动不改其长期投资价值2009-11-16 类别：公司研究 机构：中原证券 研究员：施红梅,1,1
2009986+4,广宇集团：广宇集团 丁桥配套逐渐成熟 上东城项目直接收益2009-11-16 类别：公司研究 机构：齐鲁证券 研究员：涂力磊,0,1
2009987+4,中国人寿：中国人寿（601628） 保费拐点已现 结构调整持续2009-11-17 类别：公司研究 机构：银河证券 研究员：许力平,0,1
2009988+4,东华能源：东华能源(002221)横向资产收购与整合有利于公司发展2009-11-17 类别：公司研究 机构：渤海证券 研究员：张延明,1,1
2009989+4,世茂股份：世茂股份（600823） 低估值高成长的商业地产龙头--反向路演调研简报2009-11-17 类别：公司研究 机构：天相投顾 研究员：--,0,1
2009990+4,东百集团：东百集团（600693） 股权激励渐进业绩有望反转2009-11-17 类别：公司研究 机构：东北证券 研究员：罗旷怡,1,1
2009991+4,中恒集团：中恒集团（600252）受益基本药物目录 血栓通将成为重磅品种2009-11-17 类别：公司研究 机构：中投证券 研究员：李昱,1,1
2009992+4,招商证券：招商证券（600999） 奔跑的大象2009-11-18 类别：公司研究 机构：联合证券 研究员：张黎,0,0
2009993+4,德美化工：德美化工--产业和投资两手都过硬的纺织化学品龙头企业2009-11-27 类别：公司研究 机构：国都证券 研究员：徐文峰,0,1
2009994+4,招商轮船：招商轮船（601872） 运力增长业务优化-投资价值分析报告2009-11-27 类别：公司研究 机构：世纪证券 研究员：交通运输研究小组,0,1
2009995+4,中集集团：中集集团（000039） 事件点评 能源化工装备业务传喜讯2009-11-27 类别：公司研究 机构：爱建证券 研究员：乐旻旸 张欣,1,0
2009996+4,泸州老窖：泸州老窖--后劲仍然十足的酒中白马2009-11-28 类别：公司研究 机构：东莞证券 研究员：黄黎明,1,1
2009997+4,同方股份：同方股份（600100） 未来两年经营向好明显2009-11-29 类别：公司研究 机构：银河证券 研究员：王家炜,1,0
2009998+4,宁波联合：宁波联合（600051） 2010年业绩有望大幅增长2009-11-29 类别：公司研究 机构：安信证券 研究员：徐胜利,0,1
2009999+4,哈药股份：哈药股份--被忽略的医药龙头企业2009-11-30 类别：公司研究 机构：广发证券 研究员：葛峥 杨挺,1,1
20091000+4,云南铜业：云南铜业--短期自产铜产量稳定 长期资源整合值得期待2009-12-01 类别：公司研究 机构：国信证券 研究员：李洪冀 彭波,0,0
20091001+4,长江证券：长江证券（000783） 自营及创新业务的新的着力点2009-12-28 类别：公司研究 机构：东北证券 研究员：赵新安,0,0
20091002+4,通宝能源：通宝能源（600780） 煤价上涨压力可能拉低毛利率2009-12-29 类别：公司研究 机构：天相投顾 研究员：王小建,0,0
20091003+4,中国医药：主业经营稳健 未来主要看外延式增长2009-12-29 类别：公司研究 机构：广发证券 研究员：葛峥,0,0
20091004+4,时代出版： 时代出版（600551） 收购安徽人民出版社点评2009-12-29 类别：公司研究 机构：第一创业 研究员：任文杰,0,1
20091005+4,通宝能源：通宝能源（600780） 煤价上涨压力可能拉低毛利率2009-12-29 类别：公司研究 机构：天相投顾 研究员：王小建,0,0
20091006+4,石基信息：石基信息（002153） 2010蓄势而发2009-12-29 类别：公司研究 机构：中信建投 研究员：董志强 吕江峰,1,1
20091007+4,中集集团：中集集团（000039） 2010年业绩保底是最强音2009-12-30 类别：公司研究 机构：平安证券 研究员：--,1,1
20091008+4,圣农发展：圣农发展（002299） 具有竞争优势的一体化鸡肉企业2009-12-30 类别：公司研究 机构：中银国际 研究员：赵宗俊,1,0
20091009+4,华兰生物：华兰生物 励精图治 基业长青2009-12-30 类别：公司研究 机构：国金证券 研究员：黄挺 李龙俊,1,1
20091010+4,徐工机械：徐工机械（000425） 定向增发助力公司长期发展2009-12-30 类别：公司研究 机构：中银国际 研究员：史祺,1,1
20091011+4,远光软件：远光软件（002063）2009-12-30 类别：公司研究 机构：光大证券 研究员：裴培,1,1
20091012+4,华兰生物：华兰生物（002007） 励精图治 基业长青2009-12-30 类别：公司研究 机构：国金证券 研究员：黄挺 李龙俊,1,1
20091013+4,铜陵有色：铜陵有色（000630） 收购为公司未来发展创造积极条件2009-12-30 类别：公司研究 机构：长江证券 研究员：葛军,1,0
20091014+4,中集集团：中集集团股权激励点评 2010 年业绩保底是最强音2009-12-30 类别：公司研究 机构：平安证券 研究员：叶国际,1,1
20091015+4,亚泰集团：亚泰集团（600881） 实施中长期激励 激发业绩增长动力2009-12-30 类别：公司研究 机构：天相投顾 研究员：--,0,1
20091016+4,山河智能：业绩拐点已过 静力压桩机和挖掘机复苏明显2009-12-30 类别：公司研究 机构：中投证券 研究员：李勤,1,1
20091017+4,怡亚通：怡亚通（002183） 伟仕股权收购计划未能完成 投资收益仍较可观2009-12-30 类别：公司研究 机构：爱建证券 研究员：--,1,1
20091018+4,新和成：新和成公司研究报告2009-12-30 类别：公司研究 机构：国金证券 研究员：李敬雷 黄挺,1,1
20091019+4,怡亚通：怡亚通（002183） 伟仕的全部股权出售 可能实现增值2亿港元2009-12-30 类别：公司研究 机构：国信证券 研究员：--,1,0
20091020+4,中国人寿：中国人寿（601628） 2010年保险行业报告 突破估值偏见 虎年首选2009-12-31 类别：公司研究 机构：银河证券 研究员：许力平,0,1
20091021+4,好当家：好当家公司研究简报2009-12-31 类别：公司研究 机构：国金证券 研究员：谢刚,1,1
